class,precision,recall,f1-score,support
WALKING,1.0,0.9545454545454546,0.9767441860465116,22.0
WALKING_UPSTAIRS,0.8333333333333334,1.0,0.9090909090909091,15.0
WALKING_DOWNSTAIRS,0.9230769230769231,0.8,0.8571428571428571,15.0
SITTING,0.5,1.0,0.6666666666666666,22.0
STANDING,1.0,1.0,1.0,22.0
LAYING,0.0,0.0,0.0,22.0
macro avg,0.7094017094017094,0.7924242424242425,0.7349407698244907,118.0
weighted avg,0.689374185136897,0.7796610169491526,0.7173605529931899,118.0
