class,precision,recall,f1-score,support
WALKING,1.0,1.0,1.0,22.0
WALKING_UPSTAIRS,1.0,0.26666666666666666,0.42105263157894735,15.0
WALKING_DOWNSTAIRS,0.5217391304347826,1.0,0.6857142857142857,12.0
SITTING,0.0,0.0,0.0,22.0
STANDING,1.0,1.0,1.0,22.0
LAYING,0.5,1.0,0.6666666666666666,22.0
macro avg,0.6702898550724639,0.7111111111111111,0.6289055973266499,115.0
weighted avg,0.6631379962192817,0.7130434782608696,0.636617631034107,115.0
