{
  "model_name": "session4_train_session1_eval_gravity_10ch_session1_left_pocket",
  "accuracy": 0.7130434782608696,
  "macro_f1": 0.6289055973266499,
  "weighted_f1": 0.636617631034107,
  "test_samples": 115,
  "class_names": [
    "WALKING",
    "WALKING_UPSTAIRS",
    "WALKING_DOWNSTAIRS",
    "SITTING",
    "STANDING",
    "LAYING"
  ],
  "classification_report": {
    "WALKING": {
      "precision": 1.0,
      "recall": 1.0,
      "f1-score": 1.0,
      "support": 22.0
    },
    "WALKING_UPSTAIRS": {
      "precision": 1.0,
      "recall": 0.26666666666666666,
      "f1-score": 0.42105263157894735,
      "support": 15.0
    },
    "WALKING_DOWNSTAIRS": {
      "precision": 0.5217391304347826,
      "recall": 1.0,
      "f1-score": 0.6857142857142857,
      "support": 12.0
    },
    "SITTING": {
      "precision": 0.0,
      "recall": 0.0,
      "f1-score": 0.0,
      "support": 22.0
    },
    "STANDING": {
      "precision": 1.0,
      "recall": 1.0,
      "f1-score": 1.0,
      "support": 22.0
    },
    "LAYING": {
      "precision": 0.5,
      "recall": 1.0,
      "f1-score": 0.6666666666666666,
      "support": 22.0
    },
    "accuracy": 0.7130434782608696,
    "macro avg": {
      "precision": 0.6702898550724639,
      "recall": 0.7111111111111111,
      "f1-score": 0.6289055973266499,
      "support": 115.0
    },
    "weighted avg": {
      "precision": 0.6631379962192817,
      "recall": 0.7130434782608696,
      "f1-score": 0.636617631034107,
      "support": 115.0
    }
  },
  "confusion_matrix": [
    [
      22,
      0,
      0,
      0,
      0,
      0
    ],
    [
      0,
      4,
      11,
      0,
      0,
      0
    ],
    [
      0,
      0,
      12,
      0,
      0,
      0
    ],
    [
      0,
      0,
      0,
      0,
      0,
      22
    ],
    [
      0,
      0,
      0,
      0,
      22,
      0
    ],
    [
      0,
      0,
      0,
      0,
      0,
      22
    ]
  ],
  "top_confusion_pairs": [
    {
      "true": "SITTING",
      "predicted": "LAYING",
      "count": 22
    },
    {
      "true": "WALKING_UPSTAIRS",
      "predicted": "WALKING_DOWNSTAIRS",
      "count": 11
    }
  ]
}