class,precision,recall,f1-score,support
WALKING,0.9882697947214076,0.9970414201183432,0.9926362297496318,338.0
WALKING_UPSTAIRS,0.9925373134328358,0.9637681159420289,0.9779411764705882,276.0
WALKING_DOWNSTAIRS,0.9795081967213115,0.987603305785124,0.9835390946502057,242.0
SITTING,0.819718309859155,0.9931740614334471,0.8981481481481481,293.0
STANDING,0.9861111111111112,0.8847352024922118,0.9326765188834154,321.0
LAYING,0.9934426229508196,0.9154078549848943,0.9528301886792453,331.0
macro avg,0.9599312247994402,0.9569549934593415,0.9562952260968723,1801.0
weighted avg,0.960891233971114,0.9550249861188229,0.955787136973027,1801.0
