{
  "model_name": "session4_train_session1_eval_gravity_10ch_uci_internal_val",
  "accuracy": 0.9550249861188229,
  "macro_f1": 0.9562952260968723,
  "weighted_f1": 0.955787136973027,
  "test_samples": 1801,
  "class_names": [
    "WALKING",
    "WALKING_UPSTAIRS",
    "WALKING_DOWNSTAIRS",
    "SITTING",
    "STANDING",
    "LAYING"
  ],
  "classification_report": {
    "WALKING": {
      "precision": 0.9882697947214076,
      "recall": 0.9970414201183432,
      "f1-score": 0.9926362297496318,
      "support": 338.0
    },
    "WALKING_UPSTAIRS": {
      "precision": 0.9925373134328358,
      "recall": 0.9637681159420289,
      "f1-score": 0.9779411764705882,
      "support": 276.0
    },
    "WALKING_DOWNSTAIRS": {
      "precision": 0.9795081967213115,
      "recall": 0.987603305785124,
      "f1-score": 0.9835390946502057,
      "support": 242.0
    },
    "SITTING": {
      "precision": 0.819718309859155,
      "recall": 0.9931740614334471,
      "f1-score": 0.8981481481481481,
      "support": 293.0
    },
    "STANDING": {
      "precision": 0.9861111111111112,
      "recall": 0.8847352024922118,
      "f1-score": 0.9326765188834154,
      "support": 321.0
    },
    "LAYING": {
      "precision": 0.9934426229508196,
      "recall": 0.9154078549848943,
      "f1-score": 0.9528301886792453,
      "support": 331.0
    },
    "accuracy": 0.9550249861188229,
    "macro avg": {
      "precision": 0.9599312247994402,
      "recall": 0.9569549934593415,
      "f1-score": 0.9562952260968723,
      "support": 1801.0
    },
    "weighted avg": {
      "precision": 0.960891233971114,
      "recall": 0.9550249861188229,
      "f1-score": 0.955787136973027,
      "support": 1801.0
    }
  },
  "confusion_matrix": [
    [
      337,
      0,
      0,
      0,
      1,
      0
    ],
    [
      3,
      266,
      5,
      2,
      0,
      0
    ],
    [
      1,
      2,
      239,
      0,
      0,
      0
    ],
    [
      0,
      0,
      0,
      291,
      0,
      2
    ],
    [
      0,
      0,
      0,
      37,
      284,
      0
    ],
    [
      0,
      0,
      0,
      25,
      3,
      303
    ]
  ],
  "top_confusion_pairs": [
    {
      "true": "STANDING",
      "predicted": "SITTING",
      "count": 37
    },
    {
      "true": "LAYING",
      "predicted": "SITTING",
      "count": 25
    },
    {
      "true": "WALKING_UPSTAIRS",
      "predicted": "WALKING_DOWNSTAIRS",
      "count": 5
    },
    {
      "true": "WALKING_UPSTAIRS",
      "predicted": "WALKING",
      "count": 3
    },
    {
      "true": "LAYING",
      "predicted": "STANDING",
      "count": 3
    }
  ]
}