class,precision,recall,f1-score,support
WALKING,0.0,0.0,0.0,22.0
WALKING_UPSTAIRS,0.0,0.0,0.0,6.0
WALKING_DOWNSTAIRS,0.0,0.0,0.0,9.0
SITTING,0.5,1.0,0.6666666666666666,22.0
STANDING,0.0,0.0,0.0,22.0
LAYING,0.0,0.0,0.0,22.0
macro avg,0.08333333333333333,0.16666666666666666,0.1111111111111111,103.0
weighted avg,0.10679611650485436,0.21359223300970873,0.1423948220064725,103.0
