class,precision,recall,f1-score,support
WALKING,0.8502581755593803,0.9959677419354839,0.9173630454967502,496.0
WALKING_UPSTAIRS,0.6475409836065574,0.16772823779193205,0.26644182124789206,471.0
WALKING_DOWNSTAIRS,0.9529085872576177,0.819047619047619,0.8809218950064021,420.0
SITTING,0.3412509897070467,0.8778004073319755,0.49144811858608894,491.0
STANDING,0.7062818336162988,0.7819548872180451,0.7421944692239072,532.0
LAYING,1.0,0.05772811918063315,0.10915492957746478,537.0
macro avg,0.7497067616244836,0.6167045020842815,0.5679207131897509,2947.0
weighted avg,0.7489778203034855,0.6090939938920936,0.5582823363803261,2947.0
