accuracy,loss,val_accuracy,val_loss
0.7142400741577148,0.816084086894989,0.7196002006530762,0.832779586315155
0.8276774287223816,0.4596204161643982,0.8911715745925903,0.42815661430358887
0.8864258527755737,0.3159400522708893,0.9505829811096191,0.29257816076278687
0.907589852809906,0.24066120386123657,0.9500277638435364,0.26211100816726685
0.9183999300003052,0.20192040503025055,0.9489172697067261,0.2471843957901001
0.9261539578437805,0.1773710548877716,0.9500277638435364,0.24334314465522766
0.9318554997444153,0.16059577465057373,0.9500277638435364,0.23125214874744415
0.935595691204071,0.14893490076065063,0.9455857872962952,0.22340893745422363
