{
  "mean": [
    0.20257480442523956,
    -0.06574910134077072,
    0.20756502449512482,
    0.02924947440624237,
    -0.004087391309440136,
    0.0056753079406917095
  ],
  "std": [
    0.8125538229942322,
    0.4263036251068115,
    0.4112027585506439,
    0.6030229330062866,
    0.384493887424469,
    0.34744223952293396
  ]
}