{
  "mean": [
    0.7415027022361755,
    0.029063280671834946,
    0.08758659660816193,
    0.0030162713956087828,
    -0.0015169307589530945,
    0.00016061733185779303
  ],
  "std": [
    0.5112910270690918,
    0.3912023603916168,
    0.3746492266654968,
    0.43617361783981323,
    0.397379606962204,
    0.2942706346511841
  ]
}