{
  "n_predictions": 91,
  "accuracy": 0.8901098901098901,
  "macro_f1": 0.8826443785682917,
  "weighted_f1": 0.8831956087390871,
  "per_class": {
    "WALKING": {
      "precision": 0.8333333333333334,
      "recall": 1.0,
      "f1-score": 0.9090909090909091,
      "support": 10.0
    },
    "WALKING_UPSTAIRS": {
      "precision": 1.0,
      "recall": 0.5,
      "f1-score": 0.6666666666666666,
      "support": 12.0
    },
    "WALKING_DOWNSTAIRS": {
      "precision": 0.75,
      "recall": 0.8181818181818182,
      "f1-score": 0.782608695652174,
      "support": 22.0
    },
    "SITTING": {
      "precision": 1.0,
      "recall": 1.0,
      "f1-score": 1.0,
      "support": 22.0
    },
    "STANDING": {
      "precision": 0.8823529411764706,
      "recall": 1.0,
      "f1-score": 0.9375,
      "support": 15.0
    },
    "LAYING": {
      "precision": 1.0,
      "recall": 1.0,
      "f1-score": 1.0,
      "support": 10.0
    },
    "accuracy": 0.8901098901098901,
    "macro avg": {
      "precision": 0.9109477124183006,
      "recall": 0.8863636363636364,
      "f1-score": 0.8826443785682917,
      "support": 91.0
    },
    "weighted avg": {
      "precision": 0.9018530489118723,
      "recall": 0.8901098901098901,
      "f1-score": 0.8831956087390871,
      "support": 91.0
    }
  },
  "mean_confidence": 0.8039692307692309,
  "mean_latency_us": 34105.64835164835,
  "median_latency_us": 34109.0,
  "source": "Arduino Serial predictions; not laptop replay."
}