{
  "model_name": "previous_m3_candidate_reference_left_30s",
  "accuracy": 0.6695652173913044,
  "macro_f1": 0.5980630099623234,
  "weighted_f1": 0.5990111039757842,
  "test_samples": 115,
  "class_names": [
    "WALKING",
    "WALKING_UPSTAIRS",
    "WALKING_DOWNSTAIRS",
    "SITTING",
    "STANDING",
    "LAYING"
  ],
  "classification_report": {
    "WALKING": {
      "precision": 1.0,
      "recall": 0.7368421052631579,
      "f1-score": 0.8484848484848485,
      "support": 19.0
    },
    "WALKING_UPSTAIRS": {
      "precision": 0.4838709677419355,
      "recall": 1.0,
      "f1-score": 0.6521739130434783,
      "support": 15.0
    },
    "WALKING_DOWNSTAIRS": {
      "precision": 1.0,
      "recall": 0.26666666666666666,
      "f1-score": 0.42105263157894735,
      "support": 15.0
    },
    "SITTING": {
      "precision": 0.0,
      "recall": 0.0,
      "f1-score": 0.0,
      "support": 22.0
    },
    "STANDING": {
      "precision": 1.0,
      "recall": 1.0,
      "f1-score": 1.0,
      "support": 22.0
    },
    "LAYING": {
      "precision": 0.5,
      "recall": 1.0,
      "f1-score": 0.6666666666666666,
      "support": 22.0
    },
    "accuracy": 0.6695652173913044,
    "macro avg": {
      "precision": 0.6639784946236559,
      "recall": 0.6672514619883042,
      "f1-score": 0.5980630099623234,
      "support": 115.0
    },
    "weighted avg": {
      "precision": 0.6457223001402523,
      "recall": 0.6695652173913044,
      "f1-score": 0.5990111039757842,
      "support": 115.0
    }
  },
  "confusion_matrix": [
    [
      14,
      5,
      0,
      0,
      0,
      0
    ],
    [
      0,
      15,
      0,
      0,
      0,
      0
    ],
    [
      0,
      11,
      4,
      0,
      0,
      0
    ],
    [
      0,
      0,
      0,
      0,
      0,
      22
    ],
    [
      0,
      0,
      0,
      0,
      22,
      0
    ],
    [
      0,
      0,
      0,
      0,
      0,
      22
    ]
  ],
  "top_confusion_pairs": [
    {
      "true": "SITTING",
      "predicted": "LAYING",
      "count": 22
    },
    {
      "true": "WALKING_DOWNSTAIRS",
      "predicted": "WALKING_UPSTAIRS",
      "count": 11
    },
    {
      "true": "WALKING",
      "predicted": "WALKING_UPSTAIRS",
      "count": 5
    }
  ]
}