accuracy,loss,val_accuracy,val_loss
0.7136927843093872,0.8602784872055054,0.8089950084686279,0.7585033774375916
0.841269850730896,0.43560460209846497,0.9589117169380188,0.2870829701423645
0.88724684715271,0.3014754056930542,0.9583564400672913,0.20499634742736816
0.9067688584327698,0.23627567291259766,0.9489172697067261,0.19784918427467346
0.9163473844528198,0.2012074887752533,0.9422543048858643,0.1904972940683365
0.9211366772651672,0.18052299320697784,0.9489172697067261,0.18012037873268127
0.9247400164604187,0.1664133220911026,0.9511382579803467,0.18030358850955963
0.9290731549263,0.1548912674188614,0.952248752117157,0.18190713226795197
