class,precision,recall,f1-score,support
WALKING,0.9361111111111111,0.9970414201183432,0.9656160458452722,338.0
WALKING_UPSTAIRS,0.967741935483871,0.9782608695652174,0.972972972972973,276.0
WALKING_DOWNSTAIRS,0.9794238683127572,0.9834710743801653,0.9814432989690721,242.0
SITTING,0.5412844036697247,0.40273037542662116,0.461839530332681,293.0
STANDING,0.7268170426065163,0.9034267912772586,0.8055555555555556,321.0
LAYING,0.7516556291390728,0.6858006042296072,0.717219589257504,331.0
macro avg,0.817172331720509,0.8251218558328688,0.817441165488843,1801.0
weighted avg,0.8113412104818131,0.82176568573015,0.8127318390626322,1801.0
