{
  "model_name": "session4_train_session1_eval_gravity_aligned_6ch_uci_internal_val",
  "accuracy": 0.82176568573015,
  "macro_f1": 0.817441165488843,
  "weighted_f1": 0.8127318390626322,
  "test_samples": 1801,
  "class_names": [
    "WALKING",
    "WALKING_UPSTAIRS",
    "WALKING_DOWNSTAIRS",
    "SITTING",
    "STANDING",
    "LAYING"
  ],
  "classification_report": {
    "WALKING": {
      "precision": 0.9361111111111111,
      "recall": 0.9970414201183432,
      "f1-score": 0.9656160458452722,
      "support": 338.0
    },
    "WALKING_UPSTAIRS": {
      "precision": 0.967741935483871,
      "recall": 0.9782608695652174,
      "f1-score": 0.972972972972973,
      "support": 276.0
    },
    "WALKING_DOWNSTAIRS": {
      "precision": 0.9794238683127572,
      "recall": 0.9834710743801653,
      "f1-score": 0.9814432989690721,
      "support": 242.0
    },
    "SITTING": {
      "precision": 0.5412844036697247,
      "recall": 0.40273037542662116,
      "f1-score": 0.461839530332681,
      "support": 293.0
    },
    "STANDING": {
      "precision": 0.7268170426065163,
      "recall": 0.9034267912772586,
      "f1-score": 0.8055555555555556,
      "support": 321.0
    },
    "LAYING": {
      "precision": 0.7516556291390728,
      "recall": 0.6858006042296072,
      "f1-score": 0.717219589257504,
      "support": 331.0
    },
    "accuracy": 0.82176568573015,
    "macro avg": {
      "precision": 0.817172331720509,
      "recall": 0.8251218558328688,
      "f1-score": 0.817441165488843,
      "support": 1801.0
    },
    "weighted avg": {
      "precision": 0.8113412104818131,
      "recall": 0.82176568573015,
      "f1-score": 0.8127318390626322,
      "support": 1801.0
    }
  },
  "confusion_matrix": [
    [
      337,
      1,
      0,
      0,
      0,
      0
    ],
    [
      2,
      270,
      4,
      0,
      0,
      0
    ],
    [
      1,
      3,
      238,
      0,
      0,
      0
    ],
    [
      0,
      1,
      1,
      118,
      99,
      74
    ],
    [
      0,
      0,
      0,
      30,
      290,
      1
    ],
    [
      20,
      4,
      0,
      70,
      10,
      227
    ]
  ],
  "top_confusion_pairs": [
    {
      "true": "SITTING",
      "predicted": "STANDING",
      "count": 99
    },
    {
      "true": "SITTING",
      "predicted": "LAYING",
      "count": 74
    },
    {
      "true": "LAYING",
      "predicted": "SITTING",
      "count": 70
    },
    {
      "true": "STANDING",
      "predicted": "SITTING",
      "count": 30
    },
    {
      "true": "LAYING",
      "predicted": "WALKING",
      "count": 20
    }
  ]
}