class,precision,recall,f1-score,support
WALKING,0.9565217391304348,1.0,0.9777777777777777,22.0
WALKING_UPSTAIRS,1.0,0.9333333333333333,0.9655172413793104,15.0
WALKING_DOWNSTAIRS,1.0,1.0,1.0,12.0
SITTING,0.4883720930232558,0.9545454545454546,0.6461538461538462,22.0
STANDING,1.0,1.0,1.0,22.0
LAYING,0.0,0.0,0.0,22.0
macro avg,0.7408156386922817,0.8146464646464647,0.7649081442184892,115.0
weighted avg,0.7025014287598365,0.7913043478260869,0.732254385627699,115.0
