{
  "model_name": "session4_train_session1_eval_gravity_aligned_6ch_session1_right_pocket",
  "accuracy": 0.788135593220339,
  "macro_f1": 0.744107744107744,
  "weighted_f1": 0.7257318952234205,
  "test_samples": 118,
  "class_names": [
    "WALKING",
    "WALKING_UPSTAIRS",
    "WALKING_DOWNSTAIRS",
    "SITTING",
    "STANDING",
    "LAYING"
  ],
  "classification_report": {
    "WALKING": {
      "precision": 1.0,
      "recall": 1.0,
      "f1-score": 1.0,
      "support": 22.0
    },
    "WALKING_UPSTAIRS": {
      "precision": 0.8333333333333334,
      "recall": 1.0,
      "f1-score": 0.9090909090909091,
      "support": 15.0
    },
    "WALKING_DOWNSTAIRS": {
      "precision": 1.0,
      "recall": 0.8,
      "f1-score": 0.8888888888888888,
      "support": 15.0
    },
    "SITTING": {
      "precision": 0.5,
      "recall": 1.0,
      "f1-score": 0.6666666666666666,
      "support": 22.0
    },
    "STANDING": {
      "precision": 1.0,
      "recall": 1.0,
      "f1-score": 1.0,
      "support": 22.0
    },
    "LAYING": {
      "precision": 0.0,
      "recall": 0.0,
      "f1-score": 0.0,
      "support": 22.0
    },
    "accuracy": 0.788135593220339,
    "macro avg": {
      "precision": 0.7222222222222223,
      "recall": 0.7999999999999999,
      "f1-score": 0.744107744107744,
      "support": 118.0
    },
    "weighted avg": {
      "precision": 0.6991525423728814,
      "recall": 0.788135593220339,
      "f1-score": 0.7257318952234205,
      "support": 118.0
    }
  },
  "confusion_matrix": [
    [
      22,
      0,
      0,
      0,
      0,
      0
    ],
    [
      0,
      15,
      0,
      0,
      0,
      0
    ],
    [
      0,
      3,
      12,
      0,
      0,
      0
    ],
    [
      0,
      0,
      0,
      22,
      0,
      0
    ],
    [
      0,
      0,
      0,
      0,
      22,
      0
    ],
    [
      0,
      0,
      0,
      22,
      0,
      0
    ]
  ],
  "top_confusion_pairs": [
    {
      "true": "LAYING",
      "predicted": "SITTING",
      "count": 22
    },
    {
      "true": "WALKING_DOWNSTAIRS",
      "predicted": "WALKING_UPSTAIRS",
      "count": 3
    }
  ]
}