class,precision,recall,f1-score,support
WALKING,1.0,1.0,1.0,22.0
WALKING_UPSTAIRS,0.8333333333333334,1.0,0.9090909090909091,15.0
WALKING_DOWNSTAIRS,1.0,0.8,0.8888888888888888,15.0
SITTING,0.5,1.0,0.6666666666666666,22.0
STANDING,1.0,1.0,1.0,22.0
LAYING,0.0,0.0,0.0,22.0
macro avg,0.7222222222222223,0.7999999999999999,0.744107744107744,118.0
weighted avg,0.6991525423728814,0.788135593220339,0.7257318952234205,118.0
