class,precision,recall,f1-score,support
WALKING,0.0,0.0,0.0,44.0
WALKING_UPSTAIRS,0.0,0.0,0.0,24.0
WALKING_DOWNSTAIRS,0.0,0.0,0.0,24.0
SITTING,0.0,0.0,0.0,44.0
STANDING,0.0,0.0,0.0,66.0
LAYING,0.21153846153846154,1.0,0.3492063492063492,44.0
macro avg,0.035256410256410256,0.16666666666666666,0.0582010582010582,246.0
weighted avg,0.037836147592245156,0.17886178861788618,0.06245967221576977,246.0
