{
  "mean": [
    -1.5807779973897595e-08,
    -1.784068004440087e-08,
    1.014379620552063,
    0.01916288025677204,
    -0.008359454572200775,
    -0.01771533489227295
  ],
  "std": [
    0.12070228904485703,
    0.12802675366401672,
    0.18434053659439087,
    0.31662896275520325,
    0.39224401116371155,
    0.6129346489906311
  ]
}