{
  "mean": [
    -2.470578630564546e-09,
    -2.4451646041256936e-08,
    1.0144346952438354,
    0.01838098280131817,
    -0.007431984879076481,
    -0.016671543940901756
  ],
  "std": [
    0.12268189340829849,
    0.12901753187179565,
    0.19010813534259796,
    0.3177643120288849,
    0.4032053053379059,
    0.6071478128433228
  ]
}