class,precision,recall,f1-score,support
WALKING,0.0,0.0,0.0,22.0
WALKING_UPSTAIRS,0.0,0.0,0.0,6.0
WALKING_DOWNSTAIRS,0.0,0.0,0.0,9.0
SITTING,0.0,0.0,0.0,22.0
STANDING,0.0,0.0,0.0,22.0
LAYING,0.21359223300970873,1.0,0.352,22.0
macro avg,0.03559870550161812,0.16666666666666666,0.058666666666666666,103.0
weighted avg,0.045621642002073706,0.21359223300970873,0.07518446601941747,103.0
