class,precision,recall,f1-score,support
WALKING,0.9673469387755103,0.9556451612903226,0.9614604462474645,496.0
WALKING_UPSTAIRS,0.9329140461215933,0.9447983014861996,0.9388185654008439,471.0
WALKING_DOWNSTAIRS,0.8952380952380953,0.8952380952380953,0.8952380952380953,420.0
SITTING,0.851508120649652,0.7474541751527495,0.7960954446854663,491.0
STANDING,0.7905405405405406,0.8796992481203008,0.8327402135231317,532.0
LAYING,1.0,1.0,1.0,537.0
macro avg,0.9062579568875653,0.9038058302146114,0.9040587941825002,2947.0
weighted avg,0.906299508707998,0.9049881235154394,0.9046381345698711,2947.0
