accuracy,loss,val_accuracy,val_loss
0.6819043159484863,0.913657546043396,0.8051082491874695,0.8360076546669006
0.8186939358711243,0.48711609840393066,0.9422543048858643,0.311671644449234
0.872981071472168,0.34692302346229553,0.937812328338623,0.24031572043895721
0.8975074887275696,0.2703256905078888,0.9328150749206543,0.23705129325389862
0.9096710085868835,0.22957821190357208,0.920599639415741,0.26976123452186584
0.9180458784103394,0.2030819058418274,0.9022765159606934,0.2989218831062317
0.9239282011985779,0.18485774099826813,0.9150471687316895,0.3020159602165222
