{
  "mean": [
    0.20257480442523956,
    -0.06574910134077072,
    0.20756502449512482,
    0.02924947440624237,
    -0.004087391309440136,
    0.0056753079406917095,
    0.19584332406520844,
    -0.06280677765607834,
    0.2095411717891693,
    1.0117591619491577
  ],
  "std": [
    0.8125538229942322,
    0.4263036251068115,
    0.4112027585506439,
    0.6030229330062866,
    0.384493887424469,
    0.34744223952293396,
    0.7722700238227844,
    0.3989841639995575,
    0.39505988359451294,
    0.02084437943994999
  ]
}