class,precision,recall,f1-score,support
WALKING,0.6923076923076923,0.9979838709677419,0.8175061932287366,496.0
WALKING_UPSTAIRS,0.9714285714285714,0.07218683651804671,0.13438735177865613,471.0
WALKING_DOWNSTAIRS,0.9849397590361446,0.7785714285714286,0.8696808510638298,420.0
SITTING,0.28865373309817755,1.0,0.44799270072992703,491.0
STANDING,0.9939024390243902,0.30639097744360905,0.46839080459770116,532.0
LAYING,0.0,0.0,0.0,537.0
macro avg,0.6552053658158293,0.5258555189168044,0.45632631689980846,2947.0
weighted avg,0.6396631326212535,0.5123854767560231,0.44221031424512386,2947.0
