{
  "mean": [
    -0.6672053933143616,
    -0.47623953223228455,
    0.1646256148815155,
    0.05383673682808876,
    -0.016710974276065826,
    0.011488216929137707
  ],
  "std": [
    0.41079267859458923,
    0.4380612373352051,
    0.19528819620609283,
    0.7441892027854919,
    0.32002928853034973,
    0.3862704038619995
  ]
}