class,precision,recall,f1-score,support
WALKING,0.9307479224376731,0.9940828402366864,0.9613733905579399,338.0
WALKING_UPSTAIRS,0.9377289377289377,0.927536231884058,0.9326047358834244,276.0
WALKING_DOWNSTAIRS,1.0,0.9710743801652892,0.9853249475890985,242.0
SITTING,0.8529411764705882,0.9897610921501706,0.9162717219589257,293.0
STANDING,0.993006993006993,0.8847352024922118,0.9357495881383855,321.0
LAYING,1.0,0.9244712990936556,0.9607535321821036,331.0
macro avg,0.9524041716073653,0.9486101743370119,0.9486796527183129,1801.0
weighted avg,0.9522892804321197,0.9478067740144365,0.9481645762951881,1801.0
