{
  "model_name": "m4_strategy_a_expanded_train_no_aug_internal_val",
  "accuracy": 0.9478067740144365,
  "macro_f1": 0.9486796527183129,
  "weighted_f1": 0.9481645762951881,
  "test_samples": 1801,
  "class_names": [
    "WALKING",
    "WALKING_UPSTAIRS",
    "WALKING_DOWNSTAIRS",
    "SITTING",
    "STANDING",
    "LAYING"
  ],
  "classification_report": {
    "WALKING": {
      "precision": 0.9307479224376731,
      "recall": 0.9940828402366864,
      "f1-score": 0.9613733905579399,
      "support": 338.0
    },
    "WALKING_UPSTAIRS": {
      "precision": 0.9377289377289377,
      "recall": 0.927536231884058,
      "f1-score": 0.9326047358834244,
      "support": 276.0
    },
    "WALKING_DOWNSTAIRS": {
      "precision": 1.0,
      "recall": 0.9710743801652892,
      "f1-score": 0.9853249475890985,
      "support": 242.0
    },
    "SITTING": {
      "precision": 0.8529411764705882,
      "recall": 0.9897610921501706,
      "f1-score": 0.9162717219589257,
      "support": 293.0
    },
    "STANDING": {
      "precision": 0.993006993006993,
      "recall": 0.8847352024922118,
      "f1-score": 0.9357495881383855,
      "support": 321.0
    },
    "LAYING": {
      "precision": 1.0,
      "recall": 0.9244712990936556,
      "f1-score": 0.9607535321821036,
      "support": 331.0
    },
    "accuracy": 0.9478067740144365,
    "macro avg": {
      "precision": 0.9524041716073653,
      "recall": 0.9486101743370119,
      "f1-score": 0.9486796527183129,
      "support": 1801.0
    },
    "weighted avg": {
      "precision": 0.9522892804321197,
      "recall": 0.9478067740144365,
      "f1-score": 0.9481645762951881,
      "support": 1801.0
    }
  },
  "confusion_matrix": [
    [
      336,
      2,
      0,
      0,
      0,
      0
    ],
    [
      20,
      256,
      0,
      0,
      0,
      0
    ],
    [
      5,
      2,
      235,
      0,
      0,
      0
    ],
    [
      0,
      1,
      0,
      290,
      2,
      0
    ],
    [
      0,
      0,
      0,
      37,
      284,
      0
    ],
    [
      0,
      12,
      0,
      13,
      0,
      306
    ]
  ],
  "top_confusion_pairs": [
    {
      "true": "STANDING",
      "predicted": "SITTING",
      "count": 37
    },
    {
      "true": "WALKING_UPSTAIRS",
      "predicted": "WALKING",
      "count": 20
    },
    {
      "true": "LAYING",
      "predicted": "SITTING",
      "count": 13
    },
    {
      "true": "LAYING",
      "predicted": "WALKING_UPSTAIRS",
      "count": 12
    },
    {
      "true": "WALKING_DOWNSTAIRS",
      "predicted": "WALKING",
      "count": 5
    }
  ]
}