accuracy,loss,val_accuracy,val_loss
0.603493869304657,0.9033105969429016,0.7928928136825562,0.8240324854850769
0.6965426206588745,0.565222442150116,0.7706829309463501,0.6346379518508911
0.7453931570053101,0.4737747609615326,0.7912271022796631,0.5645887851715088
0.7695220112800598,0.4234008193016052,0.8306496143341064,0.499161034822464
0.7841634750366211,0.39279666543006897,0.8595224618911743,0.45745354890823364
0.7948822975158691,0.3725889325141907,0.8622987270355225,0.44083404541015625
0.8035486340522766,0.3578314781188965,0.8645197153091431,0.42250144481658936
0.8099799156188965,0.34600433707237244,0.8650749325752258,0.40905410051345825
