class,precision,recall,f1-score,support
WALKING,0.9548022598870056,1.0,0.976878612716763,338.0
WALKING_UPSTAIRS,0.9766536964980544,0.9094202898550725,0.9418386491557224,276.0
WALKING_DOWNSTAIRS,0.9586776859504132,0.9586776859504132,0.9586776859504132,242.0
SITTING,0.8513119533527697,0.9965870307167235,0.9182389937106918,293.0
STANDING,0.9861111111111112,0.8847352024922118,0.9326765188834154,321.0
LAYING,1.0,0.9577039274924471,0.9783950617283951,331.0
macro avg,0.954592784466559,0.9511873560844779,0.9511175870242333,1801.0
weighted avg,0.9557221838280395,0.9516935036091061,0.9519235932349546,1801.0
