class,precision,recall,f1-score,support
WALKING,0.583941605839416,0.4838709677419355,0.5292171995589857,496.0
WALKING_UPSTAIRS,0.567741935483871,0.5605095541401274,0.5641025641025641,471.0
WALKING_DOWNSTAIRS,0.6953125,0.2119047619047619,0.3248175182481752,420.0
SITTING,0.88671875,0.4623217922606925,0.607764390896921,491.0
STANDING,0.43158783783783783,0.9605263157894737,0.5955710955710956,532.0
LAYING,1.0,0.9366852886405959,0.9673076923076923,537.0
macro avg,0.6942171048601874,0.6026364467462644,0.5981300767809057,2947.0
weighted avg,0.6959811245636184,0.6223277909738717,0.6105557400343535,2947.0
