{
  "model_name": "m3_target_mixed_gravity_10ch_uci_test",
  "accuracy": 0.6223277909738717,
  "macro_f1": 0.5981300767809057,
  "weighted_f1": 0.6105557400343535,
  "test_samples": 2947,
  "class_names": [
    "WALKING",
    "WALKING_UPSTAIRS",
    "WALKING_DOWNSTAIRS",
    "SITTING",
    "STANDING",
    "LAYING"
  ],
  "classification_report": {
    "WALKING": {
      "precision": 0.583941605839416,
      "recall": 0.4838709677419355,
      "f1-score": 0.5292171995589857,
      "support": 496.0
    },
    "WALKING_UPSTAIRS": {
      "precision": 0.567741935483871,
      "recall": 0.5605095541401274,
      "f1-score": 0.5641025641025641,
      "support": 471.0
    },
    "WALKING_DOWNSTAIRS": {
      "precision": 0.6953125,
      "recall": 0.2119047619047619,
      "f1-score": 0.3248175182481752,
      "support": 420.0
    },
    "SITTING": {
      "precision": 0.88671875,
      "recall": 0.4623217922606925,
      "f1-score": 0.607764390896921,
      "support": 491.0
    },
    "STANDING": {
      "precision": 0.43158783783783783,
      "recall": 0.9605263157894737,
      "f1-score": 0.5955710955710956,
      "support": 532.0
    },
    "LAYING": {
      "precision": 1.0,
      "recall": 0.9366852886405959,
      "f1-score": 0.9673076923076923,
      "support": 537.0
    },
    "accuracy": 0.6223277909738717,
    "macro avg": {
      "precision": 0.6942171048601874,
      "recall": 0.6026364467462644,
      "f1-score": 0.5981300767809057,
      "support": 2947.0
    },
    "weighted avg": {
      "precision": 0.6959811245636184,
      "recall": 0.6223277909738717,
      "f1-score": 0.6105557400343535,
      "support": 2947.0
    }
  },
  "confusion_matrix": [
    [
      240,
      78,
      14,
      0,
      164,
      0
    ],
    [
      14,
      264,
      25,
      0,
      168,
      0
    ],
    [
      157,
      105,
      89,
      8,
      61,
      0
    ],
    [
      0,
      0,
      0,
      227,
      264,
      0
    ],
    [
      0,
      0,
      0,
      21,
      511,
      0
    ],
    [
      0,
      18,
      0,
      0,
      16,
      503
    ]
  ],
  "top_confusion_pairs": [
    {
      "true": "SITTING",
      "predicted": "STANDING",
      "count": 264
    },
    {
      "true": "WALKING_UPSTAIRS",
      "predicted": "STANDING",
      "count": 168
    },
    {
      "true": "WALKING",
      "predicted": "STANDING",
      "count": 164
    },
    {
      "true": "WALKING_DOWNSTAIRS",
      "predicted": "WALKING",
      "count": 157
    },
    {
      "true": "WALKING_DOWNSTAIRS",
      "predicted": "WALKING_UPSTAIRS",
      "count": 105
    }
  ]
}