{
  "mean": [
    0.12932144105434418,
    -0.10508045554161072,
    0.2020215094089508,
    0.031113650649785995,
    -0.005287328269332647,
    0.0057492791675031185
  ],
  "std": [
    0.8216899633407593,
    0.44385844469070435,
    0.39612773060798645,
    0.609612762928009,
    0.3747428357601166,
    0.34314948320388794
  ]
}