accuracy,loss,val_accuracy,val_loss
0.6077268123626709,0.9184301495552063,0.7506940364837646,0.8791162967681885
0.6855433583259583,0.5852866768836975,0.7701277136802673,0.6306464076042175
0.7217348217964172,0.5043261051177979,0.7895613312721252,0.5805740356445312
0.7513958215713501,0.45808887481689453,0.8051082491874695,0.5393326878547668
0.7686440944671631,0.42495590448379517,0.8245419263839722,0.5046074390411377
0.7801595330238342,0.40094220638275146,0.8517490029335022,0.4795222282409668
0.7887836694717407,0.38341307640075684,0.8411993384361267,0.4643253684043884
0.7950149774551392,0.3696432411670685,0.821765661239624,0.4625704288482666
