class,precision,recall,f1-score,support
WALKING,1.0,1.0,1.0,22.0
WALKING_UPSTAIRS,1.0,0.8666666666666667,0.9285714285714286,15.0
WALKING_DOWNSTAIRS,0.8571428571428571,1.0,0.9230769230769231,12.0
SITTING,1.0,1.0,1.0,22.0
STANDING,1.0,1.0,1.0,22.0
LAYING,1.0,1.0,1.0,22.0
macro avg,0.9761904761904763,0.9777777777777779,0.9752747252747254,115.0
weighted avg,0.9850931677018633,0.9826086956521739,0.9826564739608218,115.0
