class,precision,recall,f1-score,support
WALKING,0.9824046920821115,0.9911242603550295,0.9867452135493373,338.0
WALKING_UPSTAIRS,0.9660377358490566,0.927536231884058,0.9463955637707948,276.0
WALKING_DOWNSTAIRS,0.9543568464730291,0.9504132231404959,0.9523809523809523,242.0
SITTING,0.8156424581005587,0.9965870307167235,0.8970814132104454,293.0
STANDING,0.9826989619377162,0.8847352024922118,0.9311475409836065,321.0
LAYING,0.996742671009772,0.9244712990936556,0.9592476489028213,331.0
macro avg,0.9496472275753739,0.9458112079470289,0.9454997221329929,1801.0
weighted avg,0.9516851687808281,0.9455857856746253,0.9463939115879166,1801.0
