class,precision,recall,f1-score,support
WALKING,0.0,0.0,0.0,496.0
WALKING_UPSTAIRS,0.0,0.0,0.0,471.0
WALKING_DOWNSTAIRS,0.0,0.0,0.0,420.0
SITTING,0.1993503857084856,1.0,0.3324306025727827,491.0
STANDING,0.0,0.0,0.0,532.0
LAYING,1.0,0.9013035381750466,0.9480901077375122,537.0
macro avg,0.19989173095141424,0.31688392302917445,0.21342011838504915,2947.0
weighted avg,0.2154329960579798,0.330844927044452,0.22814652654166281,2947.0
