class,precision,recall,f1-score,support
WALKING,1.0,0.09090909090909091,0.16666666666666666,22.0
WALKING_UPSTAIRS,0.17142857142857143,1.0,0.2926829268292683,6.0
WALKING_DOWNSTAIRS,0.0,0.0,0.0,9.0
SITTING,0.0,0.0,0.0,22.0
STANDING,1.0,1.0,1.0,22.0
LAYING,0.5,1.0,0.6666666666666666,22.0
macro avg,0.44523809523809527,0.5151515151515151,0.3543360433604336,103.0
weighted avg,0.5439667128987516,0.5048543689320388,0.40863525140105766,103.0
