class,precision,recall,f1-score,support
WALKING,0.6191709844559585,0.9637096774193549,0.7539432176656151,496.0
WALKING_UPSTAIRS,0.9731051344743277,0.8450106157112527,0.9045454545454545,471.0
WALKING_DOWNSTAIRS,0.7660550458715596,0.3976190476190476,0.5235109717868338,420.0
SITTING,0.8756218905472637,0.7169042769857433,0.7883538633818589,491.0
STANDING,0.7538940809968847,0.9097744360902256,0.8245315161839863,532.0
LAYING,0.9940476190476191,0.9329608938547486,0.962536023054755,537.0
macro avg,0.8303157925656022,0.7943298246133955,0.7929035077697506,2947.0
weighted avg,0.8320291878762265,0.8076009501187649,0.8016578592176115,2947.0
