accuracy,loss,val_accuracy,val_loss
0.6864407062530518,0.8689921498298645,0.7107162475585938,0.8861391544342041
0.8265702724456787,0.4876995384693146,0.9144919514656067,0.40276220440864563
0.8852442502975464,0.3295626938343048,0.9639089107513428,0.26656150817871094
0.9044865369796753,0.25230997800827026,0.9583564400672913,0.22908277809619904
0.914207398891449,0.21432442963123322,0.9578012228012085,0.2101082056760788
0.9221834540367126,0.1914309710264206,0.9511382579803467,0.2024732381105423
0.9251744747161865,0.17614935338497162,0.9550249576568604,0.2016569972038269
0.927716851234436,0.16485542058944702,0.9550249576568604,0.19947831332683563
