folder_label,uci_label,ax_mean,ax_std,ax_min,ax_max,ay_mean,ay_std,ay_min,ay_max,az_mean,az_std,az_min,az_max,gx_mean,gx_std,gx_min,gx_max,gy_mean,gy_std,gy_min,gy_max,gz_mean,gz_std,gz_min,gz_max
laying,LAYING,-0.63278395,0.11091522,-0.75,-0.51,0.39459243,0.32526857,0.06,0.75,0.10098442,0.56953406,-0.48,0.67,2.6408107,0.8251194,-14.1,5.92,-0.5533897,1.145605,-18.01,28.32,0.8140535,0.355287,-2.56,5.98
sitting,SITTING,0.17233436,0.09027253,0.05,0.27,-0.9851357,0.015270146,-1.06,-0.94,0.07388617,0.024274481,0.01,0.12,2.803059,0.7886653,-7.75,9.7,-0.6121654,0.8490381,-26.67,11.35,0.9614718,1.0038757,-8.36,17.21
standing,STANDING,-1.0001737,0.012570142,-1.15,-0.93,0.016679425,0.1975387,-0.31,0.25,0.054951426,0.040418588,-0.18,0.14,2.7114778,2.388306,-30.94,42.24,-0.34512216,1.5938355,-19.96,34.18,0.8012658,1.2113535,-15.5,15.08
walk_down,WALKING_DOWNSTAIRS,-1.0227785,0.41896766,-4.0,0.09,0.081624836,0.32807496,-2.18,1.55,0.0626332,0.3467356,-1.19,2.39,2.667195,115.57627,-569.34,498.41,1.2918361,53.11725,-167.85,215.15,2.402761,48.399323,-167.36,150.15
walk_up,WALKING_UPSTAIRS,-1.0129269,0.52017885,-4.0,0.14,0.04827905,0.39595476,-1.61,2.79,0.03386444,0.3083743,-0.88,2.55,3.4500837,102.21185,-533.02,556.27,-2.8656206,46.531223,-165.59,198.55,2.754991,60.16901,-163.57,204.65
walking,WALKING,-1.0174103,0.2608705,-2.37,-0.42,-0.06549372,0.337532,-1.35,2.12,0.0064856373,0.2874298,-0.81,3.29,7.9387026,90.86354,-209.9,588.75,-0.22252692,43.27137,-181.4,151.79,-2.396203,42.03008,-183.9,153.63
