{
  "mean": [
    0.6048694849014282,
    -0.039722248911857605,
    0.09145361185073853,
    0.0076258801855146885,
    -0.0030306626576930285,
    0.000598863058257848,
    0.5894567370414734,
    -0.0371822863817215,
    0.09148142486810684,
    1.0179194211959839
  ],
  "std": [
    0.650367796421051,
    0.42694586515426636,
    0.3576522767543793,
    0.46677377820014954,
    0.3840545117855072,
    0.2856953740119934,
    0.6057812571525574,
    0.4032202363014221,
    0.3366210460662842,
    0.014942115172743797
  ]
}