class,precision,recall,f1-score,support
WALKING,0.9224376731301939,0.985207100591716,0.9527896995708155,338.0
WALKING_UPSTAIRS,0.8969072164948454,0.9456521739130435,0.9206349206349206,276.0
WALKING_DOWNSTAIRS,0.9955357142857143,0.9214876033057852,0.9570815450643777,242.0
SITTING,0.8271954674220963,0.9965870307167235,0.9040247678018576,293.0
STANDING,0.9964664310954063,0.8785046728971962,0.9337748344370861,321.0
LAYING,1.0,0.8731117824773413,0.932258064516129,331.0
macro avg,0.9397570837380428,0.933425060650301,0.9334273053375312,1801.0
weighted avg,0.9403020346829681,0.9328151027207107,0.9333427477128489,1801.0
