class,precision,recall,f1-score,support
WALKING,0.8148148148148148,1.0,0.8979591836734694,22.0
WALKING_UPSTAIRS,1.0,1.0,1.0,15.0
WALKING_DOWNSTAIRS,1.0,0.5833333333333334,0.7368421052631579,12.0
SITTING,0.0,0.0,0.0,22.0
STANDING,1.0,1.0,1.0,22.0
LAYING,0.5,1.0,0.6666666666666666,22.0
macro avg,0.7191358024691358,0.763888888888889,0.7169113259338823,115.0
weighted avg,0.6776167471819645,0.7652173913043478,0.6979467301794859,115.0
