{
  "model_name": "m3_v2_1_mixed_6ch_arduino_v2_grouped",
  "accuracy": 0.7378640776699029,
  "macro_f1": 0.7097277119016249,
  "weighted_f1": 0.6695601007969095,
  "test_samples": 103,
  "class_names": [
    "WALKING",
    "WALKING_UPSTAIRS",
    "WALKING_DOWNSTAIRS",
    "SITTING",
    "STANDING",
    "LAYING"
  ],
  "classification_report": {
    "WALKING": {
      "precision": 1.0,
      "recall": 0.8181818181818182,
      "f1-score": 0.9,
      "support": 22.0
    },
    "WALKING_UPSTAIRS": {
      "precision": 1.0,
      "recall": 0.8333333333333334,
      "f1-score": 0.9090909090909091,
      "support": 6.0
    },
    "WALKING_DOWNSTAIRS": {
      "precision": 0.6428571428571429,
      "recall": 1.0,
      "f1-score": 0.782608695652174,
      "support": 9.0
    },
    "SITTING": {
      "precision": 0.0,
      "recall": 0.0,
      "f1-score": 0.0,
      "support": 22.0
    },
    "STANDING": {
      "precision": 1.0,
      "recall": 1.0,
      "f1-score": 1.0,
      "support": 22.0
    },
    "LAYING": {
      "precision": 0.5,
      "recall": 1.0,
      "f1-score": 0.6666666666666666,
      "support": 22.0
    },
    "accuracy": 0.7378640776699029,
    "macro avg": {
      "precision": 0.6904761904761904,
      "recall": 0.7752525252525252,
      "f1-score": 0.7097277119016249,
      "support": 103.0
    },
    "weighted avg": {
      "precision": 0.6484049930651872,
      "recall": 0.7378640776699029,
      "f1-score": 0.6695601007969095,
      "support": 103.0
    }
  },
  "confusion_matrix": [
    [
      18,
      0,
      4,
      0,
      0,
      0
    ],
    [
      0,
      5,
      1,
      0,
      0,
      0
    ],
    [
      0,
      0,
      9,
      0,
      0,
      0
    ],
    [
      0,
      0,
      0,
      0,
      0,
      22
    ],
    [
      0,
      0,
      0,
      0,
      22,
      0
    ],
    [
      0,
      0,
      0,
      0,
      0,
      22
    ]
  ],
  "top_confusion_pairs": [
    {
      "true": "SITTING",
      "predicted": "LAYING",
      "count": 22
    },
    {
      "true": "WALKING",
      "predicted": "WALKING_DOWNSTAIRS",
      "count": 4
    },
    {
      "true": "WALKING_UPSTAIRS",
      "predicted": "WALKING_DOWNSTAIRS",
      "count": 1
    }
  ]
}