class,precision,recall,f1-score,support
WALKING,0.7631578947368421,0.6431451612903226,0.6980306345733042,496.0
WALKING_UPSTAIRS,0.9182242990654206,0.8343949044585988,0.8743047830923248,471.0
WALKING_DOWNSTAIRS,0.5569620253164557,0.7333333333333333,0.6330935251798561,420.0
SITTING,0.75,0.769857433808554,0.7597989949748744,491.0
STANDING,0.832089552238806,0.8383458646616542,0.8352059925093633,532.0
LAYING,0.9862204724409449,0.9329608938547486,0.9588516746411483,537.0
macro avg,0.8011090406330782,0.7920062652345353,0.7932142674951451,2947.0
weighted avg,0.8094523402694368,0.7957244655581948,0.7995297835053699,2947.0
