{
  "mean": [
    0.12932144105434418,
    -0.10508045554161072,
    0.2020215094089508,
    0.031113650649785995,
    -0.005287328269332647,
    0.0057492791675031185,
    0.12466175854206085,
    -0.10146757960319519,
    0.20362313091754913,
    1.011460542678833
  ],
  "std": [
    0.8216899633407593,
    0.44385844469070435,
    0.39612773060798645,
    0.609612762928009,
    0.3747428357601166,
    0.34314948320388794,
    0.7828229069709778,
    0.4183972477912903,
    0.37946629524230957,
    0.02025851234793663
  ]
}