class,precision,recall,f1-score,support
WALKING,1.0,0.9545454545454546,0.9767441860465116,22.0
WALKING_UPSTAIRS,0.7777777777777778,0.9333333333333333,0.8484848484848485,15.0
WALKING_DOWNSTAIRS,0.9230769230769231,0.8,0.8571428571428571,15.0
SITTING,0.5,1.0,0.6666666666666666,22.0
STANDING,1.0,1.0,1.0,22.0
LAYING,0.0,0.0,0.0,22.0
macro avg,0.7001424501424501,0.7813131313131313,0.7248397597234807,118.0
weighted avg,0.6823120382442416,0.7711864406779662,0.7096563927466567,118.0
