class,precision,recall,f1-score,support
WALKING,1.0,0.9545454545454546,0.9767441860465116,22.0
WALKING_UPSTAIRS,1.0,0.8666666666666667,0.9285714285714286,15.0
WALKING_DOWNSTAIRS,0.8,1.0,0.8888888888888888,12.0
SITTING,0.08333333333333333,0.09090909090909091,0.08695652173913043,22.0
STANDING,1.0,1.0,1.0,22.0
LAYING,0.0,0.0,0.0,22.0
macro avg,0.6472222222222223,0.652020202020202,0.6468601708743266,115.0
weighted avg,0.612463768115942,0.6086956521739131,0.6086665536219322,115.0
