{
  "model_name": "session4_train_session1_eval_gravity_aligned_6ch_session1_left_pocket",
  "accuracy": 0.6086956521739131,
  "macro_f1": 0.6468601708743266,
  "weighted_f1": 0.6086665536219322,
  "test_samples": 115,
  "class_names": [
    "WALKING",
    "WALKING_UPSTAIRS",
    "WALKING_DOWNSTAIRS",
    "SITTING",
    "STANDING",
    "LAYING"
  ],
  "classification_report": {
    "WALKING": {
      "precision": 1.0,
      "recall": 0.9545454545454546,
      "f1-score": 0.9767441860465116,
      "support": 22.0
    },
    "WALKING_UPSTAIRS": {
      "precision": 1.0,
      "recall": 0.8666666666666667,
      "f1-score": 0.9285714285714286,
      "support": 15.0
    },
    "WALKING_DOWNSTAIRS": {
      "precision": 0.8,
      "recall": 1.0,
      "f1-score": 0.8888888888888888,
      "support": 12.0
    },
    "SITTING": {
      "precision": 0.08333333333333333,
      "recall": 0.09090909090909091,
      "f1-score": 0.08695652173913043,
      "support": 22.0
    },
    "STANDING": {
      "precision": 1.0,
      "recall": 1.0,
      "f1-score": 1.0,
      "support": 22.0
    },
    "LAYING": {
      "precision": 0.0,
      "recall": 0.0,
      "f1-score": 0.0,
      "support": 22.0
    },
    "accuracy": 0.6086956521739131,
    "macro avg": {
      "precision": 0.6472222222222223,
      "recall": 0.652020202020202,
      "f1-score": 0.6468601708743266,
      "support": 115.0
    },
    "weighted avg": {
      "precision": 0.612463768115942,
      "recall": 0.6086956521739131,
      "f1-score": 0.6086665536219322,
      "support": 115.0
    }
  },
  "confusion_matrix": [
    [
      21,
      0,
      1,
      0,
      0,
      0
    ],
    [
      0,
      13,
      2,
      0,
      0,
      0
    ],
    [
      0,
      0,
      12,
      0,
      0,
      0
    ],
    [
      0,
      0,
      0,
      2,
      0,
      20
    ],
    [
      0,
      0,
      0,
      0,
      22,
      0
    ],
    [
      0,
      0,
      0,
      22,
      0,
      0
    ]
  ],
  "top_confusion_pairs": [
    {
      "true": "LAYING",
      "predicted": "SITTING",
      "count": 22
    },
    {
      "true": "SITTING",
      "predicted": "LAYING",
      "count": 20
    },
    {
      "true": "WALKING_UPSTAIRS",
      "predicted": "WALKING_DOWNSTAIRS",
      "count": 2
    },
    {
      "true": "WALKING",
      "predicted": "WALKING_DOWNSTAIRS",
      "count": 1
    }
  ]
}