{
  "model_name": "session4_train_session1_eval_gravity_aligned_6ch_uci_internal_val",
  "accuracy": 0.8650749583564686,
  "macro_f1": 0.8632442854709805,
  "weighted_f1": 0.8601323612811883,
  "test_samples": 1801,
  "class_names": [
    "WALKING",
    "WALKING_UPSTAIRS",
    "WALKING_DOWNSTAIRS",
    "SITTING",
    "STANDING",
    "LAYING"
  ],
  "classification_report": {
    "WALKING": {
      "precision": 0.9656160458452722,
      "recall": 0.9970414201183432,
      "f1-score": 0.9810771470160117,
      "support": 338.0
    },
    "WALKING_UPSTAIRS": {
      "precision": 0.9712230215827338,
      "recall": 0.9782608695652174,
      "f1-score": 0.9747292418772563,
      "support": 276.0
    },
    "WALKING_DOWNSTAIRS": {
      "precision": 0.9714285714285714,
      "recall": 0.9834710743801653,
      "f1-score": 0.9774127310061602,
      "support": 242.0
    },
    "SITTING": {
      "precision": 0.719626168224299,
      "recall": 0.5255972696245734,
      "f1-score": 0.6074950690335306,
      "support": 293.0
    },
    "STANDING": {
      "precision": 0.8409785932721713,
      "recall": 0.8566978193146417,
      "f1-score": 0.8487654320987654,
      "support": 321.0
    },
    "LAYING": {
      "precision": 0.7319587628865979,
      "recall": 0.8580060422960725,
      "f1-score": 0.7899860917941586,
      "support": 331.0
    },
    "accuracy": 0.8650749583564686,
    "macro avg": {
      "precision": 0.8668051938732743,
      "recall": 0.866512415883169,
      "f1-score": 0.8632442854709805,
      "support": 1801.0
    },
    "weighted avg": {
      "precision": 0.8620790882752922,
      "recall": 0.8650749583564686,
      "f1-score": 0.8601323612811883,
      "support": 1801.0
    }
  },
  "confusion_matrix": [
    [
      337,
      0,
      1,
      0,
      0,
      0
    ],
    [
      1,
      270,
      5,
      0,
      0,
      0
    ],
    [
      0,
      4,
      238,
      0,
      0,
      0
    ],
    [
      0,
      0,
      1,
      154,
      42,
      96
    ],
    [
      0,
      0,
      0,
      38,
      275,
      8
    ],
    [
      11,
      4,
      0,
      22,
      10,
      284
    ]
  ],
  "top_confusion_pairs": [
    {
      "true": "SITTING",
      "predicted": "LAYING",
      "count": 96
    },
    {
      "true": "SITTING",
      "predicted": "STANDING",
      "count": 42
    },
    {
      "true": "STANDING",
      "predicted": "SITTING",
      "count": 38
    },
    {
      "true": "LAYING",
      "predicted": "SITTING",
      "count": 22
    },
    {
      "true": "LAYING",
      "predicted": "WALKING",
      "count": 11
    }
  ]
}