{
  "model_name": "session4_train_session1_eval_gravity_aligned_6ch_session1_right_pocket",
  "accuracy": 0.7711864406779662,
  "macro_f1": 0.7248397597234807,
  "weighted_f1": 0.7096563927466567,
  "test_samples": 118,
  "class_names": [
    "WALKING",
    "WALKING_UPSTAIRS",
    "WALKING_DOWNSTAIRS",
    "SITTING",
    "STANDING",
    "LAYING"
  ],
  "classification_report": {
    "WALKING": {
      "precision": 1.0,
      "recall": 0.9545454545454546,
      "f1-score": 0.9767441860465116,
      "support": 22.0
    },
    "WALKING_UPSTAIRS": {
      "precision": 0.7777777777777778,
      "recall": 0.9333333333333333,
      "f1-score": 0.8484848484848485,
      "support": 15.0
    },
    "WALKING_DOWNSTAIRS": {
      "precision": 0.9230769230769231,
      "recall": 0.8,
      "f1-score": 0.8571428571428571,
      "support": 15.0
    },
    "SITTING": {
      "precision": 0.5,
      "recall": 1.0,
      "f1-score": 0.6666666666666666,
      "support": 22.0
    },
    "STANDING": {
      "precision": 1.0,
      "recall": 1.0,
      "f1-score": 1.0,
      "support": 22.0
    },
    "LAYING": {
      "precision": 0.0,
      "recall": 0.0,
      "f1-score": 0.0,
      "support": 22.0
    },
    "accuracy": 0.7711864406779662,
    "macro avg": {
      "precision": 0.7001424501424501,
      "recall": 0.7813131313131313,
      "f1-score": 0.7248397597234807,
      "support": 118.0
    },
    "weighted avg": {
      "precision": 0.6823120382442416,
      "recall": 0.7711864406779662,
      "f1-score": 0.7096563927466567,
      "support": 118.0
    }
  },
  "confusion_matrix": [
    [
      21,
      1,
      0,
      0,
      0,
      0
    ],
    [
      0,
      14,
      1,
      0,
      0,
      0
    ],
    [
      0,
      3,
      12,
      0,
      0,
      0
    ],
    [
      0,
      0,
      0,
      22,
      0,
      0
    ],
    [
      0,
      0,
      0,
      0,
      22,
      0
    ],
    [
      0,
      0,
      0,
      22,
      0,
      0
    ]
  ],
  "top_confusion_pairs": [
    {
      "true": "LAYING",
      "predicted": "SITTING",
      "count": 22
    },
    {
      "true": "WALKING_DOWNSTAIRS",
      "predicted": "WALKING_UPSTAIRS",
      "count": 3
    },
    {
      "true": "WALKING",
      "predicted": "WALKING_UPSTAIRS",
      "count": 1
    },
    {
      "true": "WALKING_UPSTAIRS",
      "predicted": "WALKING_DOWNSTAIRS",
      "count": 1
    }
  ]
}