class,precision,recall,f1-score,support
WALKING,0.9656160458452722,0.9970414201183432,0.9810771470160117,338.0
WALKING_UPSTAIRS,0.9712230215827338,0.9782608695652174,0.9747292418772563,276.0
WALKING_DOWNSTAIRS,0.9714285714285714,0.9834710743801653,0.9774127310061602,242.0
SITTING,0.719626168224299,0.5255972696245734,0.6074950690335306,293.0
STANDING,0.8409785932721713,0.8566978193146417,0.8487654320987654,321.0
LAYING,0.7319587628865979,0.8580060422960725,0.7899860917941586,331.0
macro avg,0.8668051938732743,0.866512415883169,0.8632442854709805,1801.0
weighted avg,0.8620790882752922,0.8650749583564686,0.8601323612811883,1801.0
