{
  "mean": [
    0.6048694849014282,
    -0.039722248911857605,
    0.09145361185073853,
    0.0076258801855146885,
    -0.0030306626576930285,
    0.000598863058257848
  ],
  "std": [
    0.650367796421051,
    0.42694586515426636,
    0.3576522767543793,
    0.46677377820014954,
    0.3840545117855072,
    0.2856953740119934
  ]
}