{
  "mean": [
    0.7639880180358887,
    0.02186753787100315,
    0.08505112677812576,
    0.001572775887325406,
    -0.001186715206131339,
    -0.0001450300042051822,
    0.745421290397644,
    0.023657280951738358,
    0.08527250587940216,
    1.0197055339813232
  ],
  "std": [
    0.4804952144622803,
    0.38679903745651245,
    0.37578800320625305,
    0.4319606125354767,
    0.3978659510612488,
    0.2847660779953003,
    0.4248417317867279,
    0.36146220564842224,
    0.3551495671272278,
    0.015231277793645859
  ]
}