class,precision,recall,f1-score,support
WALKING,0.6120906801007556,0.9798387096774194,0.7534883720930232,496.0
WALKING_UPSTAIRS,0.9899244332493703,0.8343949044585988,0.9055299539170507,471.0
WALKING_DOWNSTAIRS,0.8078817733990148,0.3904761904761905,0.5264847512038523,420.0
SITTING,0.8805970149253731,0.7209775967413442,0.7928331466965286,491.0
STANDING,0.7643312101910829,0.9022556390977443,0.8275862068965517,532.0
LAYING,0.9961759082217974,0.9702048417132216,0.9830188679245283,537.0
macro avg,0.8418335033478991,0.7996913136940865,0.7981568831219225,2947.0
weighted avg,0.8425875572049997,0.8137088564642009,0.8071925705908114,2947.0
