{
  "model_name": "m3_target_mixed_focal_6ch_arduino_v2_val",
  "accuracy": 0.6310679611650486,
  "macro_f1": 0.48698698698698695,
  "weighted_f1": 0.5550599142832153,
  "test_samples": 103,
  "class_names": [
    "WALKING",
    "WALKING_UPSTAIRS",
    "WALKING_DOWNSTAIRS",
    "SITTING",
    "STANDING",
    "LAYING"
  ],
  "classification_report": {
    "WALKING": {
      "precision": 1.0,
      "recall": 0.6818181818181818,
      "f1-score": 0.8108108108108109,
      "support": 22.0
    },
    "WALKING_UPSTAIRS": {
      "precision": 0.2857142857142857,
      "recall": 1.0,
      "f1-score": 0.4444444444444444,
      "support": 6.0
    },
    "WALKING_DOWNSTAIRS": {
      "precision": 0.0,
      "recall": 0.0,
      "f1-score": 0.0,
      "support": 9.0
    },
    "SITTING": {
      "precision": 0.0,
      "recall": 0.0,
      "f1-score": 0.0,
      "support": 22.0
    },
    "STANDING": {
      "precision": 1.0,
      "recall": 1.0,
      "f1-score": 1.0,
      "support": 22.0
    },
    "LAYING": {
      "precision": 0.5,
      "recall": 1.0,
      "f1-score": 0.6666666666666666,
      "support": 22.0
    },
    "accuracy": 0.6310679611650486,
    "macro avg": {
      "precision": 0.46428571428571425,
      "recall": 0.6136363636363636,
      "f1-score": 0.48698698698698695,
      "support": 103.0
    },
    "weighted avg": {
      "precision": 0.550624133148405,
      "recall": 0.6310679611650486,
      "f1-score": 0.5550599142832153,
      "support": 103.0
    }
  },
  "confusion_matrix": [
    [
      15,
      6,
      1,
      0,
      0,
      0
    ],
    [
      0,
      6,
      0,
      0,
      0,
      0
    ],
    [
      0,
      9,
      0,
      0,
      0,
      0
    ],
    [
      0,
      0,
      0,
      0,
      0,
      22
    ],
    [
      0,
      0,
      0,
      0,
      22,
      0
    ],
    [
      0,
      0,
      0,
      0,
      0,
      22
    ]
  ],
  "top_confusion_pairs": [
    {
      "true": "SITTING",
      "predicted": "LAYING",
      "count": 22
    },
    {
      "true": "WALKING_DOWNSTAIRS",
      "predicted": "WALKING_UPSTAIRS",
      "count": 9
    },
    {
      "true": "WALKING",
      "predicted": "WALKING_UPSTAIRS",
      "count": 6
    },
    {
      "true": "WALKING",
      "predicted": "WALKING_DOWNSTAIRS",
      "count": 1
    }
  ]
}