class,precision,recall,f1-score,support
WALKING,1.0,0.6818181818181818,0.8108108108108109,22.0
WALKING_UPSTAIRS,0.2857142857142857,1.0,0.4444444444444444,6.0
WALKING_DOWNSTAIRS,0.0,0.0,0.0,9.0
SITTING,0.0,0.0,0.0,22.0
STANDING,1.0,1.0,1.0,22.0
LAYING,0.5,1.0,0.6666666666666666,22.0
macro avg,0.46428571428571425,0.6136363636363636,0.48698698698698695,103.0
weighted avg,0.550624133148405,0.6310679611650486,0.5550599142832153,103.0
