{
  "model_name": "m3_target_uci_baseline_uci_test",
  "accuracy": 0.9110960298608755,
  "macro_f1": 0.9122874406990972,
  "weighted_f1": 0.9112789715002829,
  "test_samples": 2947,
  "class_names": [
    "WALKING",
    "WALKING_UPSTAIRS",
    "WALKING_DOWNSTAIRS",
    "SITTING",
    "STANDING",
    "LAYING"
  ],
  "classification_report": {
    "WALKING": {
      "precision": 0.9916666666666667,
      "recall": 0.9596774193548387,
      "f1-score": 0.9754098360655737,
      "support": 496.0
    },
    "WALKING_UPSTAIRS": {
      "precision": 0.9309623430962343,
      "recall": 0.9447983014861996,
      "f1-score": 0.9378292939936775,
      "support": 471.0
    },
    "WALKING_DOWNSTAIRS": {
      "precision": 0.9059080962800875,
      "recall": 0.9857142857142858,
      "f1-score": 0.9441277080957811,
      "support": 420.0
    },
    "SITTING": {
      "precision": 0.8195020746887967,
      "recall": 0.8044806517311609,
      "f1-score": 0.8119218910585817,
      "support": 491.0
    },
    "STANDING": {
      "precision": 0.8240740740740741,
      "recall": 0.8364661654135338,
      "f1-score": 0.8302238805970149,
      "support": 532.0
    },
    "LAYING": {
      "precision": 1.0,
      "recall": 0.9497206703910615,
      "f1-score": 0.9742120343839542,
      "support": 537.0
    },
    "accuracy": 0.9110960298608755,
    "macro avg": {
      "precision": 0.9120188758009765,
      "recall": 0.9134762490151799,
      "f1-score": 0.9122874406990972,
      "support": 2947.0
    },
    "weighted avg": {
      "precision": 0.912322448857223,
      "recall": 0.9110960298608755,
      "f1-score": 0.9112789715002829,
      "support": 2947.0
    }
  },
  "confusion_matrix": [
    [
      476,
      0,
      20,
      0,
      0,
      0
    ],
    [
      3,
      445,
      23,
      0,
      0,
      0
    ],
    [
      1,
      5,
      414,
      0,
      0,
      0
    ],
    [
      0,
      1,
      0,
      395,
      95,
      0
    ],
    [
      0,
      0,
      0,
      87,
      445,
      0
    ],
    [
      0,
      27,
      0,
      0,
      0,
      510
    ]
  ],
  "top_confusion_pairs": [
    {
      "true": "SITTING",
      "predicted": "STANDING",
      "count": 95
    },
    {
      "true": "STANDING",
      "predicted": "SITTING",
      "count": 87
    },
    {
      "true": "LAYING",
      "predicted": "WALKING_UPSTAIRS",
      "count": 27
    },
    {
      "true": "WALKING_UPSTAIRS",
      "predicted": "WALKING_DOWNSTAIRS",
      "count": 23
    },
    {
      "true": "WALKING",
      "predicted": "WALKING_DOWNSTAIRS",
      "count": 20
    }
  ]
}