class,precision,recall,f1-score,support
WALKING,0.9916666666666667,0.9596774193548387,0.9754098360655737,496.0
WALKING_UPSTAIRS,0.9309623430962343,0.9447983014861996,0.9378292939936775,471.0
WALKING_DOWNSTAIRS,0.9059080962800875,0.9857142857142858,0.9441277080957811,420.0
SITTING,0.8195020746887967,0.8044806517311609,0.8119218910585817,491.0
STANDING,0.8240740740740741,0.8364661654135338,0.8302238805970149,532.0
LAYING,1.0,0.9497206703910615,0.9742120343839542,537.0
macro avg,0.9120188758009765,0.9134762490151799,0.9122874406990972,2947.0
weighted avg,0.912322448857223,0.9110960298608755,0.9112789715002829,2947.0
