{
  "mean": [
    0.4885939359664917,
    -0.05174301564693451,
    0.09883755445480347,
    0.012492709793150425,
    -0.004166126251220703,
    0.0016385142225772142
  ],
  "std": [
    0.7343493700027466,
    0.44145864248275757,
    0.3571353554725647,
    0.5240765810012817,
    0.3864816427230835,
    0.3221694231033325
  ]
}