class,precision,recall,f1-score,support
WALKING,0.0,0.0,0.0,496.0
WALKING_UPSTAIRS,0.5630252100840336,0.14225053078556263,0.2271186440677966,471.0
WALKING_DOWNSTAIRS,0.0,0.0,0.0,420.0
SITTING,0.19588926174496643,0.9511201629327902,0.3248695652173913,491.0
STANDING,0.0,0.0,0.0,532.0
LAYING,0.0,0.0,0.0,537.0
macro avg,0.12648574530483334,0.1822284489530588,0.09199803488086465,2947.0
weighted avg,0.12262181929635504,0.18120122158126908,0.09042546246273206,2947.0
