{
  "mean": [
    0.7995359897613525,
    0.02738298662006855,
    0.08024956285953522,
    0.0005248365923762321,
    -0.0009286293061450124,
    -0.0010743280872702599
  ],
  "std": [
    0.41929447650909424,
    0.38350963592529297,
    0.37542542815208435,
    0.40748754143714905,
    0.3929227888584137,
    0.2668893337249756
  ]
}