class,windows,gravity_dir_x_mean,gravity_dir_y_mean,gravity_dir_z_mean,acc_magnitude_mean,acc_magnitude_std
WALKING,22,-0.9925374388694763,0.11686020344495773,0.0048600356094539165,1.026522159576416,0.006386094726622105
WALKING_UPSTAIRS,6,-0.9947074055671692,-0.07183479517698288,-0.06030736863613129,1.0124818086624146,0.04936835542321205
WALKING_DOWNSTAIRS,9,-0.9987500309944153,-0.0198962539434433,-0.02168342098593712,1.0266399383544922,0.020196691155433655
SITTING,22,0.14832952618598938,0.7540050745010376,0.6398993134498596,0.9684900641441345,0.000518190732691437
STANDING,22,-0.9370412230491638,0.23000574111938477,0.2622823417186737,1.0133922100067139,0.0009259874932467937
LAYING,22,0.17449578642845154,0.9631798267364502,0.2045339196920395,0.9758911728858948,0.00036210534744895995
