{
  "model_name": "m3_v2_1_mixed_focal_6ch_int8_uci_test",
  "accuracy": 0.7638276213098066,
  "macro_f1": 0.7396427046162072,
  "weighted_f1": 0.75136103471561,
  "test_samples": 2947,
  "class_names": [
    "WALKING",
    "WALKING_UPSTAIRS",
    "WALKING_DOWNSTAIRS",
    "SITTING",
    "STANDING",
    "LAYING"
  ],
  "classification_report": {
    "WALKING": {
      "precision": 0.5526932084309133,
      "recall": 0.9516129032258065,
      "f1-score": 0.6992592592592592,
      "support": 496.0
    },
    "WALKING_UPSTAIRS": {
      "precision": 0.9582309582309583,
      "recall": 0.8280254777070064,
      "f1-score": 0.8883826879271071,
      "support": 471.0
    },
    "WALKING_DOWNSTAIRS": {
      "precision": 0.7633587786259542,
      "recall": 0.23809523809523808,
      "f1-score": 0.3629764065335753,
      "support": 420.0
    },
    "SITTING": {
      "precision": 0.7051724137931035,
      "recall": 0.8329938900203666,
      "f1-score": 0.7637721755368814,
      "support": 491.0
    },
    "STANDING": {
      "precision": 0.818,
      "recall": 0.768796992481203,
      "f1-score": 0.7926356589147286,
      "support": 532.0
    },
    "LAYING": {
      "precision": 0.991578947368421,
      "recall": 0.8770949720670391,
      "f1-score": 0.9308300395256917,
      "support": 537.0
    },
    "accuracy": 0.7638276213098066,
    "macro avg": {
      "precision": 0.798172384408225,
      "recall": 0.7494365789327766,
      "f1-score": 0.7396427046162072,
      "support": 2947.0
    },
    "weighted avg": {
      "precision": 0.8008031386632749,
      "recall": 0.7638276213098066,
      "f1-score": 0.75136103471561,
      "support": 2947.0
    }
  },
  "confusion_matrix": [
    [
      472,
      5,
      18,
      0,
      1,
      0
    ],
    [
      67,
      390,
      13,
      0,
      1,
      0
    ],
    [
      310,
      9,
      100,
      0,
      1,
      0
    ],
    [
      2,
      2,
      0,
      409,
      74,
      4
    ],
    [
      2,
      1,
      0,
      120,
      409,
      0
    ],
    [
      1,
      0,
      0,
      51,
      14,
      471
    ]
  ],
  "top_confusion_pairs": [
    {
      "true": "WALKING_DOWNSTAIRS",
      "predicted": "WALKING",
      "count": 310
    },
    {
      "true": "STANDING",
      "predicted": "SITTING",
      "count": 120
    },
    {
      "true": "SITTING",
      "predicted": "STANDING",
      "count": 74
    },
    {
      "true": "WALKING_UPSTAIRS",
      "predicted": "WALKING",
      "count": 67
    },
    {
      "true": "LAYING",
      "predicted": "SITTING",
      "count": 51
    }
  ],
  "model_info": {
    "tflite_model_path": "C:\\Users\\tings\\tinyml-esp32-wokwi-starter\\outputs\\deployment\\m3_retrained_with_v2_1\\models\\m3_v2_1_mixed_focal_6ch_int8.tflite",
    "tflite_size_bytes": 10288,
    "tflite_metadata": {
      "input_dtype": "<class 'numpy.int8'>",
      "output_dtype": "<class 'numpy.int8'>",
      "input_scale": 0.136206716299057,
      "input_zero_point": 8,
      "output_scale": 0.00390625,
      "output_zero_point": -128,
      "ops": [
        "RESHAPE",
        "CONV_2D",
        "DEPTHWISE_CONV_2D",
        "CONV_2D",
        "AVERAGE_POOL_2D",
        "DEPTHWISE_CONV_2D",
        "CONV_2D",
        "RESHAPE",
        "MEAN",
        "FULLY_CONNECTED",
        "SOFTMAX"
      ],
      "host_delegate_ops": 3
    },
    "host_tflite_latency": {
      "mean_ms": 0.021729999862145633,
      "median_ms": 0.019699997210409492,
      "p95_ms": 0.0375099971279269,
      "runs": 50,
      "device_note": "Host TensorFlow Lite Interpreter latency only; M3 requires Arduino micros() latency."
    }
  }
}