{
  "model_name": "m3_v2_1_mixed_gravity_10ch_int8_left_30s",
  "accuracy": 0.7391304347826086,
  "macro_f1": 0.6855921855921855,
  "weighted_f1": 0.6701067048893136,
  "test_samples": 115,
  "class_names": [
    "WALKING",
    "WALKING_UPSTAIRS",
    "WALKING_DOWNSTAIRS",
    "SITTING",
    "STANDING",
    "LAYING"
  ],
  "classification_report": {
    "WALKING": {
      "precision": 0.9,
      "recall": 0.9473684210526315,
      "f1-score": 0.9230769230769231,
      "support": 19.0
    },
    "WALKING_UPSTAIRS": {
      "precision": 0.75,
      "recall": 1.0,
      "f1-score": 0.8571428571428571,
      "support": 15.0
    },
    "WALKING_DOWNSTAIRS": {
      "precision": 0.8888888888888888,
      "recall": 0.5333333333333333,
      "f1-score": 0.6666666666666666,
      "support": 15.0
    },
    "SITTING": {
      "precision": 0.0,
      "recall": 0.0,
      "f1-score": 0.0,
      "support": 22.0
    },
    "STANDING": {
      "precision": 1.0,
      "recall": 1.0,
      "f1-score": 1.0,
      "support": 22.0
    },
    "LAYING": {
      "precision": 0.5,
      "recall": 1.0,
      "f1-score": 0.6666666666666666,
      "support": 22.0
    },
    "accuracy": 0.7391304347826086,
    "macro avg": {
      "precision": 0.6731481481481482,
      "recall": 0.7467836257309942,
      "f1-score": 0.6855921855921855,
      "support": 115.0
    },
    "weighted avg": {
      "precision": 0.6494202898550725,
      "recall": 0.7391304347826086,
      "f1-score": 0.6701067048893136,
      "support": 115.0
    }
  },
  "confusion_matrix": [
    [
      18,
      0,
      1,
      0,
      0,
      0
    ],
    [
      0,
      15,
      0,
      0,
      0,
      0
    ],
    [
      2,
      5,
      8,
      0,
      0,
      0
    ],
    [
      0,
      0,
      0,
      0,
      0,
      22
    ],
    [
      0,
      0,
      0,
      0,
      22,
      0
    ],
    [
      0,
      0,
      0,
      0,
      0,
      22
    ]
  ],
  "top_confusion_pairs": [
    {
      "true": "SITTING",
      "predicted": "LAYING",
      "count": 22
    },
    {
      "true": "WALKING_DOWNSTAIRS",
      "predicted": "WALKING_UPSTAIRS",
      "count": 5
    },
    {
      "true": "WALKING_DOWNSTAIRS",
      "predicted": "WALKING",
      "count": 2
    },
    {
      "true": "WALKING",
      "predicted": "WALKING_DOWNSTAIRS",
      "count": 1
    }
  ],
  "model_info": {
    "tflite_model_path": "C:\\Users\\tings\\tinyml-esp32-wokwi-starter\\outputs\\deployment\\m3_retrained_with_v2_1\\models\\m3_v2_1_mixed_gravity_10ch_int8.tflite",
    "tflite_size_bytes": 10432,
    "tflite_metadata": {
      "input_dtype": "<class 'numpy.int8'>",
      "output_dtype": "<class 'numpy.int8'>",
      "input_scale": 0.136206716299057,
      "input_zero_point": 8,
      "output_scale": 0.00390625,
      "output_zero_point": -128,
      "ops": [
        "RESHAPE",
        "CONV_2D",
        "DEPTHWISE_CONV_2D",
        "CONV_2D",
        "AVERAGE_POOL_2D",
        "DEPTHWISE_CONV_2D",
        "CONV_2D",
        "RESHAPE",
        "MEAN",
        "FULLY_CONNECTED",
        "SOFTMAX"
      ],
      "host_delegate_ops": 3
    },
    "host_tflite_latency": {
      "mean_ms": 0.019673999486258253,
      "median_ms": 0.01889999839477241,
      "p95_ms": 0.021824997384101142,
      "runs": 50,
      "device_note": "Host TensorFlow Lite Interpreter latency only; M3 requires Arduino micros() latency."
    }
  }
}