class,precision,recall,f1-score,support
WALKING,0.5526932084309133,0.9516129032258065,0.6992592592592592,496.0
WALKING_UPSTAIRS,0.9582309582309583,0.8280254777070064,0.8883826879271071,471.0
WALKING_DOWNSTAIRS,0.7633587786259542,0.23809523809523808,0.3629764065335753,420.0
SITTING,0.7051724137931035,0.8329938900203666,0.7637721755368814,491.0
STANDING,0.818,0.768796992481203,0.7926356589147286,532.0
LAYING,0.991578947368421,0.8770949720670391,0.9308300395256917,537.0
macro avg,0.798172384408225,0.7494365789327766,0.7396427046162072,2947.0
weighted avg,0.8008031386632749,0.7638276213098066,0.75136103471561,2947.0
