{
  "model_name": "m3_v2_1_mixed_focal_6ch_int8_right_60s",
  "accuracy": 0.8208333333333333,
  "macro_f1": 0.7356890206212087,
  "weighted_f1": 0.7916411459482972,
  "test_samples": 240,
  "class_names": [
    "WALKING",
    "WALKING_UPSTAIRS",
    "WALKING_DOWNSTAIRS",
    "SITTING",
    "STANDING",
    "LAYING"
  ],
  "classification_report": {
    "WALKING": {
      "precision": 0.8333333333333334,
      "recall": 0.8888888888888888,
      "f1-score": 0.8602150537634409,
      "support": 45.0
    },
    "WALKING_UPSTAIRS": {
      "precision": 1.0,
      "recall": 0.03333333333333333,
      "f1-score": 0.06451612903225806,
      "support": 30.0
    },
    "WALKING_DOWNSTAIRS": {
      "precision": 0.39285714285714285,
      "recall": 0.7333333333333333,
      "f1-score": 0.5116279069767442,
      "support": 30.0
    },
    "SITTING": {
      "precision": 1.0,
      "recall": 0.9777777777777777,
      "f1-score": 0.9887640449438202,
      "support": 45.0
    },
    "STANDING": {
      "precision": 1.0,
      "recall": 1.0,
      "f1-score": 1.0,
      "support": 45.0
    },
    "LAYING": {
      "precision": 0.9782608695652174,
      "recall": 1.0,
      "f1-score": 0.989010989010989,
      "support": 45.0
    },
    "accuracy": 0.8208333333333333,
    "macro avg": {
      "precision": 0.867408557625949,
      "recall": 0.7722222222222221,
      "f1-score": 0.7356890206212087,
      "support": 240.0
    },
    "weighted avg": {
      "precision": 0.8887810559006211,
      "recall": 0.8208333333333333,
      "f1-score": 0.7916411459482972,
      "support": 240.0
    }
  },
  "confusion_matrix": [
    [
      40,
      0,
      5,
      0,
      0,
      0
    ],
    [
      0,
      1,
      29,
      0,
      0,
      0
    ],
    [
      8,
      0,
      22,
      0,
      0,
      0
    ],
    [
      0,
      0,
      0,
      44,
      0,
      1
    ],
    [
      0,
      0,
      0,
      0,
      45,
      0
    ],
    [
      0,
      0,
      0,
      0,
      0,
      45
    ]
  ],
  "top_confusion_pairs": [
    {
      "true": "WALKING_UPSTAIRS",
      "predicted": "WALKING_DOWNSTAIRS",
      "count": 29
    },
    {
      "true": "WALKING_DOWNSTAIRS",
      "predicted": "WALKING",
      "count": 8
    },
    {
      "true": "WALKING",
      "predicted": "WALKING_DOWNSTAIRS",
      "count": 5
    },
    {
      "true": "SITTING",
      "predicted": "LAYING",
      "count": 1
    }
  ],
  "model_info": {
    "tflite_model_path": "C:\\Users\\tings\\tinyml-esp32-wokwi-starter\\outputs\\deployment\\m3_retrained_with_v2_1\\models\\m3_v2_1_mixed_focal_6ch_int8.tflite",
    "tflite_size_bytes": 10288,
    "tflite_metadata": {
      "input_dtype": "<class 'numpy.int8'>",
      "output_dtype": "<class 'numpy.int8'>",
      "input_scale": 0.136206716299057,
      "input_zero_point": 8,
      "output_scale": 0.00390625,
      "output_zero_point": -128,
      "ops": [
        "RESHAPE",
        "CONV_2D",
        "DEPTHWISE_CONV_2D",
        "CONV_2D",
        "AVERAGE_POOL_2D",
        "DEPTHWISE_CONV_2D",
        "CONV_2D",
        "RESHAPE",
        "MEAN",
        "FULLY_CONNECTED",
        "SOFTMAX"
      ],
      "host_delegate_ops": 3
    },
    "host_tflite_latency": {
      "mean_ms": 0.022292000212473795,
      "median_ms": 0.01790000169421546,
      "p95_ms": 0.03884499856212641,
      "runs": 50,
      "device_note": "Host TensorFlow Lite Interpreter latency only; M3 requires Arduino micros() latency."
    }
  }
}