class,precision,recall,f1-score,support
WALKING,0.8563922942206655,0.9858870967741935,0.9165885660731021,496.0
WALKING_UPSTAIRS,0.9372294372294372,0.9193205944798302,0.9281886387995713,471.0
WALKING_DOWNSTAIRS,0.9036458333333334,0.8261904761904761,0.8631840796019901,420.0
SITTING,0.8095238095238095,0.7617107942973523,0.7848898216159497,491.0
STANDING,0.8170731707317073,0.881578947368421,0.8481012658227848,532.0
LAYING,1.0,0.9199255121042831,0.9582929194956353,537.0
macro avg,0.8873107575064921,0.8824355702024261,0.8832075485681722,2947.0
weighted avg,0.8873077740664993,0.8842891075670173,0.8841249286325081,2947.0
