class,precision,recall,f1-score,support
WALKING,0.7603686635944701,0.6653225806451613,0.7096774193548387,496.0
WALKING_UPSTAIRS,0.9214780600461894,0.8471337579617835,0.8827433628318584,471.0
WALKING_DOWNSTAIRS,0.5706214689265536,0.7214285714285714,0.637223974763407,420.0
SITTING,0.7436399217221135,0.7739307535641547,0.7584830339321357,491.0
STANDING,0.8317757009345794,0.8364661654135338,0.8341143392689785,532.0
LAYING,0.9860834990059643,0.9236499068901304,0.9538461538461539,537.0
macro avg,0.8023278857049784,0.7946552893172224,0.796014713999562,2947.0
weighted avg,0.8103083657287824,0.7984390906006108,0.8020989399598223,2947.0
