{
  "model_name": "m3_v2_1_mixed_gravity_10ch_int8_uci_test",
  "accuracy": 0.8842891075670173,
  "macro_f1": 0.8832075485681722,
  "weighted_f1": 0.8841249286325081,
  "test_samples": 2947,
  "class_names": [
    "WALKING",
    "WALKING_UPSTAIRS",
    "WALKING_DOWNSTAIRS",
    "SITTING",
    "STANDING",
    "LAYING"
  ],
  "classification_report": {
    "WALKING": {
      "precision": 0.8563922942206655,
      "recall": 0.9858870967741935,
      "f1-score": 0.9165885660731021,
      "support": 496.0
    },
    "WALKING_UPSTAIRS": {
      "precision": 0.9372294372294372,
      "recall": 0.9193205944798302,
      "f1-score": 0.9281886387995713,
      "support": 471.0
    },
    "WALKING_DOWNSTAIRS": {
      "precision": 0.9036458333333334,
      "recall": 0.8261904761904761,
      "f1-score": 0.8631840796019901,
      "support": 420.0
    },
    "SITTING": {
      "precision": 0.8095238095238095,
      "recall": 0.7617107942973523,
      "f1-score": 0.7848898216159497,
      "support": 491.0
    },
    "STANDING": {
      "precision": 0.8170731707317073,
      "recall": 0.881578947368421,
      "f1-score": 0.8481012658227848,
      "support": 532.0
    },
    "LAYING": {
      "precision": 1.0,
      "recall": 0.9199255121042831,
      "f1-score": 0.9582929194956353,
      "support": 537.0
    },
    "accuracy": 0.8842891075670173,
    "macro avg": {
      "precision": 0.8873107575064921,
      "recall": 0.8824355702024261,
      "f1-score": 0.8832075485681722,
      "support": 2947.0
    },
    "weighted avg": {
      "precision": 0.8873077740664993,
      "recall": 0.8842891075670173,
      "f1-score": 0.8841249286325081,
      "support": 2947.0
    }
  },
  "confusion_matrix": [
    [
      489,
      2,
      5,
      0,
      0,
      0
    ],
    [
      6,
      433,
      32,
      0,
      0,
      0
    ],
    [
      58,
      14,
      347,
      1,
      0,
      0
    ],
    [
      0,
      12,
      0,
      374,
      105,
      0
    ],
    [
      2,
      1,
      0,
      60,
      469,
      0
    ],
    [
      16,
      0,
      0,
      27,
      0,
      494
    ]
  ],
  "top_confusion_pairs": [
    {
      "true": "SITTING",
      "predicted": "STANDING",
      "count": 105
    },
    {
      "true": "STANDING",
      "predicted": "SITTING",
      "count": 60
    },
    {
      "true": "WALKING_DOWNSTAIRS",
      "predicted": "WALKING",
      "count": 58
    },
    {
      "true": "WALKING_UPSTAIRS",
      "predicted": "WALKING_DOWNSTAIRS",
      "count": 32
    },
    {
      "true": "LAYING",
      "predicted": "SITTING",
      "count": 27
    }
  ],
  "model_info": {
    "tflite_model_path": "C:\\Users\\tings\\tinyml-esp32-wokwi-starter\\outputs\\deployment\\m3_retrained_with_v2_1\\models\\m3_v2_1_mixed_gravity_10ch_int8.tflite",
    "tflite_size_bytes": 10432,
    "tflite_metadata": {
      "input_dtype": "<class 'numpy.int8'>",
      "output_dtype": "<class 'numpy.int8'>",
      "input_scale": 0.136206716299057,
      "input_zero_point": 8,
      "output_scale": 0.00390625,
      "output_zero_point": -128,
      "ops": [
        "RESHAPE",
        "CONV_2D",
        "DEPTHWISE_CONV_2D",
        "CONV_2D",
        "AVERAGE_POOL_2D",
        "DEPTHWISE_CONV_2D",
        "CONV_2D",
        "RESHAPE",
        "MEAN",
        "FULLY_CONNECTED",
        "SOFTMAX"
      ],
      "host_delegate_ops": 3
    },
    "host_tflite_latency": {
      "mean_ms": 0.01665600051637739,
      "median_ms": 0.016400001186411828,
      "p95_ms": 0.016600002709310502,
      "runs": 50,
      "device_note": "Host TensorFlow Lite Interpreter latency only; M3 requires Arduino micros() latency."
    }
  }
}