class,precision,recall,f1-score,support
WALKING,0.9713701431492843,0.9576612903225806,0.9644670050761421,496.0
WALKING_UPSTAIRS,0.9213250517598344,0.9447983014861996,0.9329140461215933,471.0
WALKING_DOWNSTAIRS,0.8971291866028708,0.8928571428571429,0.8949880668257757,420.0
SITTING,0.8443935926773455,0.7515274949083504,0.7952586206896551,491.0
STANDING,0.7918088737201365,0.8721804511278195,0.8300536672629696,532.0
LAYING,1.0,0.994413407821229,0.9971988795518207,537.0
macro avg,0.9043378079849119,0.9022396814205537,0.9024800475879928,2947.0
weighted avg,0.9044375716246428,0.9032914828639295,0.903030020485141,2947.0
