class,precision,recall,f1-score,support
WALKING,0.0,0.0,0.0,496.0
WALKING_UPSTAIRS,0.19422680412371135,1.0,0.32527624309392267,471.0
WALKING_DOWNSTAIRS,0.0,0.0,0.0,420.0
SITTING,0.0,0.0,0.0,491.0
STANDING,0.0,0.0,0.0,532.0
LAYING,0.9459459459459459,0.19553072625698323,0.32407407407407407,537.0
macro avg,0.19002879167827622,0.19925512104283052,0.10822505286133279,2947.0
weighted avg,0.20341153638114726,0.19545300305395316,0.11103932415168488,2947.0
