class,precision,recall,f1-score,support
WALKING,0.6952247191011236,0.9979838709677419,0.8195364238410596,496.0
WALKING_UPSTAIRS,0.9722222222222222,0.07430997876857749,0.13806706114398423,471.0
WALKING_DOWNSTAIRS,0.984984984984985,0.780952380952381,0.8711819389110226,420.0
SITTING,0.2908767772511848,1.0,0.4506654428636989,491.0
STANDING,0.9943820224719101,0.33270676691729323,0.49859154929577465,532.0
LAYING,0.0,0.0,0.0,537.0
macro avg,0.6562817876719043,0.5309921662676657,0.46300706934259006,2947.0
weighted avg,0.6407443347878878,0.517814726840855,0.44925127351138106,2947.0
