{
  "model_name": "m3_v2_1_mixed_gravity_10ch_int8_arduino_v2_grouped",
  "accuracy": 0.6796116504854369,
  "macro_f1": 0.6189170536996623,
  "weighted_f1": 0.6163676792634158,
  "test_samples": 103,
  "class_names": [
    "WALKING",
    "WALKING_UPSTAIRS",
    "WALKING_DOWNSTAIRS",
    "SITTING",
    "STANDING",
    "LAYING"
  ],
  "classification_report": {
    "WALKING": {
      "precision": 1.0,
      "recall": 0.6818181818181818,
      "f1-score": 0.8108108108108109,
      "support": 22.0
    },
    "WALKING_UPSTAIRS": {
      "precision": 0.625,
      "recall": 0.8333333333333334,
      "f1-score": 0.7142857142857143,
      "support": 6.0
    },
    "WALKING_DOWNSTAIRS": {
      "precision": 0.42857142857142855,
      "recall": 0.6666666666666666,
      "f1-score": 0.5217391304347826,
      "support": 9.0
    },
    "SITTING": {
      "precision": 0.0,
      "recall": 0.0,
      "f1-score": 0.0,
      "support": 22.0
    },
    "STANDING": {
      "precision": 1.0,
      "recall": 1.0,
      "f1-score": 1.0,
      "support": 22.0
    },
    "LAYING": {
      "precision": 0.5,
      "recall": 1.0,
      "f1-score": 0.6666666666666666,
      "support": 22.0
    },
    "accuracy": 0.6796116504854369,
    "macro avg": {
      "precision": 0.5922619047619048,
      "recall": 0.6969696969696969,
      "f1-score": 0.6189170536996623,
      "support": 103.0
    },
    "weighted avg": {
      "precision": 0.6078363384188628,
      "recall": 0.6796116504854369,
      "f1-score": 0.6163676792634158,
      "support": 103.0
    }
  },
  "confusion_matrix": [
    [
      15,
      0,
      7,
      0,
      0,
      0
    ],
    [
      0,
      5,
      1,
      0,
      0,
      0
    ],
    [
      0,
      3,
      6,
      0,
      0,
      0
    ],
    [
      0,
      0,
      0,
      0,
      0,
      22
    ],
    [
      0,
      0,
      0,
      0,
      22,
      0
    ],
    [
      0,
      0,
      0,
      0,
      0,
      22
    ]
  ],
  "top_confusion_pairs": [
    {
      "true": "SITTING",
      "predicted": "LAYING",
      "count": 22
    },
    {
      "true": "WALKING",
      "predicted": "WALKING_DOWNSTAIRS",
      "count": 7
    },
    {
      "true": "WALKING_DOWNSTAIRS",
      "predicted": "WALKING_UPSTAIRS",
      "count": 3
    },
    {
      "true": "WALKING_UPSTAIRS",
      "predicted": "WALKING_DOWNSTAIRS",
      "count": 1
    }
  ],
  "model_info": {
    "tflite_model_path": "C:\\Users\\tings\\tinyml-esp32-wokwi-starter\\outputs\\deployment\\m3_retrained_with_v2_1\\models\\m3_v2_1_mixed_gravity_10ch_int8.tflite",
    "tflite_size_bytes": 10432,
    "tflite_metadata": {
      "input_dtype": "<class 'numpy.int8'>",
      "output_dtype": "<class 'numpy.int8'>",
      "input_scale": 0.136206716299057,
      "input_zero_point": 8,
      "output_scale": 0.00390625,
      "output_zero_point": -128,
      "ops": [
        "RESHAPE",
        "CONV_2D",
        "DEPTHWISE_CONV_2D",
        "CONV_2D",
        "AVERAGE_POOL_2D",
        "DEPTHWISE_CONV_2D",
        "CONV_2D",
        "RESHAPE",
        "MEAN",
        "FULLY_CONNECTED",
        "SOFTMAX"
      ],
      "host_delegate_ops": 3
    },
    "host_tflite_latency": {
      "mean_ms": 0.016694000514689833,
      "median_ms": 0.016599999071331695,
      "p95_ms": 0.01695500141067896,
      "runs": 50,
      "device_note": "Host TensorFlow Lite Interpreter latency only; M3 requires Arduino micros() latency."
    }
  }
}