{
  "model_name": "m3_v2_1_uci_only_baseline_int8_uci_test",
  "accuracy": 0.9032914828639295,
  "macro_f1": 0.9024800475879928,
  "weighted_f1": 0.903030020485141,
  "test_samples": 2947,
  "class_names": [
    "WALKING",
    "WALKING_UPSTAIRS",
    "WALKING_DOWNSTAIRS",
    "SITTING",
    "STANDING",
    "LAYING"
  ],
  "classification_report": {
    "WALKING": {
      "precision": 0.9713701431492843,
      "recall": 0.9576612903225806,
      "f1-score": 0.9644670050761421,
      "support": 496.0
    },
    "WALKING_UPSTAIRS": {
      "precision": 0.9213250517598344,
      "recall": 0.9447983014861996,
      "f1-score": 0.9329140461215933,
      "support": 471.0
    },
    "WALKING_DOWNSTAIRS": {
      "precision": 0.8971291866028708,
      "recall": 0.8928571428571429,
      "f1-score": 0.8949880668257757,
      "support": 420.0
    },
    "SITTING": {
      "precision": 0.8443935926773455,
      "recall": 0.7515274949083504,
      "f1-score": 0.7952586206896551,
      "support": 491.0
    },
    "STANDING": {
      "precision": 0.7918088737201365,
      "recall": 0.8721804511278195,
      "f1-score": 0.8300536672629696,
      "support": 532.0
    },
    "LAYING": {
      "precision": 1.0,
      "recall": 0.994413407821229,
      "f1-score": 0.9971988795518207,
      "support": 537.0
    },
    "accuracy": 0.9032914828639295,
    "macro avg": {
      "precision": 0.9043378079849119,
      "recall": 0.9022396814205537,
      "f1-score": 0.9024800475879928,
      "support": 2947.0
    },
    "weighted avg": {
      "precision": 0.9044375716246428,
      "recall": 0.9032914828639295,
      "f1-score": 0.903030020485141,
      "support": 2947.0
    }
  },
  "confusion_matrix": [
    [
      475,
      1,
      20,
      0,
      0,
      0
    ],
    [
      3,
      445,
      23,
      0,
      0,
      0
    ],
    [
      11,
      33,
      375,
      0,
      1,
      0
    ],
    [
      0,
      1,
      0,
      369,
      121,
      0
    ],
    [
      0,
      0,
      0,
      68,
      464,
      0
    ],
    [
      0,
      3,
      0,
      0,
      0,
      534
    ]
  ],
  "top_confusion_pairs": [
    {
      "true": "SITTING",
      "predicted": "STANDING",
      "count": 121
    },
    {
      "true": "STANDING",
      "predicted": "SITTING",
      "count": 68
    },
    {
      "true": "WALKING_DOWNSTAIRS",
      "predicted": "WALKING_UPSTAIRS",
      "count": 33
    },
    {
      "true": "WALKING_UPSTAIRS",
      "predicted": "WALKING_DOWNSTAIRS",
      "count": 23
    },
    {
      "true": "WALKING",
      "predicted": "WALKING_DOWNSTAIRS",
      "count": 20
    }
  ],
  "model_info": {
    "tflite_model_path": "C:\\Users\\tings\\tinyml-esp32-wokwi-starter\\outputs\\deployment\\m3_retrained_with_v2_1\\models\\m3_v2_1_uci_only_baseline_int8.tflite",
    "tflite_size_bytes": 10288,
    "tflite_metadata": {
      "input_dtype": "<class 'numpy.int8'>",
      "output_dtype": "<class 'numpy.int8'>",
      "input_scale": 0.09212735295295715,
      "input_zero_point": 2,
      "output_scale": 0.00390625,
      "output_zero_point": -128,
      "ops": [
        "RESHAPE",
        "CONV_2D",
        "DEPTHWISE_CONV_2D",
        "CONV_2D",
        "AVERAGE_POOL_2D",
        "DEPTHWISE_CONV_2D",
        "CONV_2D",
        "RESHAPE",
        "MEAN",
        "FULLY_CONNECTED",
        "SOFTMAX"
      ],
      "host_delegate_ops": 3
    },
    "host_tflite_latency": {
      "mean_ms": 0.018053999956464395,
      "median_ms": 0.016800004232209176,
      "p95_ms": 0.02260000146634411,
      "runs": 50,
      "device_note": "Host TensorFlow Lite Interpreter latency only; M3 requires Arduino micros() latency."
    }
  }
}