{
  "model_name": "m3_v2_1_mixed_6ch_int8_uci_test",
  "accuracy": 0.7984390906006108,
  "macro_f1": 0.796014713999562,
  "weighted_f1": 0.8020989399598223,
  "test_samples": 2947,
  "class_names": [
    "WALKING",
    "WALKING_UPSTAIRS",
    "WALKING_DOWNSTAIRS",
    "SITTING",
    "STANDING",
    "LAYING"
  ],
  "classification_report": {
    "WALKING": {
      "precision": 0.7603686635944701,
      "recall": 0.6653225806451613,
      "f1-score": 0.7096774193548387,
      "support": 496.0
    },
    "WALKING_UPSTAIRS": {
      "precision": 0.9214780600461894,
      "recall": 0.8471337579617835,
      "f1-score": 0.8827433628318584,
      "support": 471.0
    },
    "WALKING_DOWNSTAIRS": {
      "precision": 0.5706214689265536,
      "recall": 0.7214285714285714,
      "f1-score": 0.637223974763407,
      "support": 420.0
    },
    "SITTING": {
      "precision": 0.7436399217221135,
      "recall": 0.7739307535641547,
      "f1-score": 0.7584830339321357,
      "support": 491.0
    },
    "STANDING": {
      "precision": 0.8317757009345794,
      "recall": 0.8364661654135338,
      "f1-score": 0.8341143392689785,
      "support": 532.0
    },
    "LAYING": {
      "precision": 0.9860834990059643,
      "recall": 0.9236499068901304,
      "f1-score": 0.9538461538461539,
      "support": 537.0
    },
    "accuracy": 0.7984390906006108,
    "macro avg": {
      "precision": 0.8023278857049784,
      "recall": 0.7946552893172224,
      "f1-score": 0.796014713999562,
      "support": 2947.0
    },
    "weighted avg": {
      "precision": 0.8103083657287824,
      "recall": 0.7984390906006108,
      "f1-score": 0.8020989399598223,
      "support": 2947.0
    }
  },
  "confusion_matrix": [
    [
      330,
      0,
      164,
      2,
      0,
      0
    ],
    [
      8,
      399,
      64,
      0,
      0,
      0
    ],
    [
      91,
      19,
      303,
      5,
      2,
      0
    ],
    [
      1,
      15,
      0,
      380,
      88,
      7
    ],
    [
      2,
      0,
      0,
      85,
      445,
      0
    ],
    [
      2,
      0,
      0,
      39,
      0,
      496
    ]
  ],
  "top_confusion_pairs": [
    {
      "true": "WALKING",
      "predicted": "WALKING_DOWNSTAIRS",
      "count": 164
    },
    {
      "true": "WALKING_DOWNSTAIRS",
      "predicted": "WALKING",
      "count": 91
    },
    {
      "true": "SITTING",
      "predicted": "STANDING",
      "count": 88
    },
    {
      "true": "STANDING",
      "predicted": "SITTING",
      "count": 85
    },
    {
      "true": "WALKING_UPSTAIRS",
      "predicted": "WALKING_DOWNSTAIRS",
      "count": 64
    }
  ],
  "model_info": {
    "tflite_model_path": "C:\\Users\\tings\\tinyml-esp32-wokwi-starter\\outputs\\deployment\\m3_retrained_with_v2_1\\models\\m3_v2_1_mixed_6ch_int8.tflite",
    "tflite_size_bytes": 10288,
    "tflite_metadata": {
      "input_dtype": "<class 'numpy.int8'>",
      "output_dtype": "<class 'numpy.int8'>",
      "input_scale": 0.136206716299057,
      "input_zero_point": 8,
      "output_scale": 0.00390625,
      "output_zero_point": -128,
      "ops": [
        "RESHAPE",
        "CONV_2D",
        "DEPTHWISE_CONV_2D",
        "CONV_2D",
        "AVERAGE_POOL_2D",
        "DEPTHWISE_CONV_2D",
        "CONV_2D",
        "RESHAPE",
        "MEAN",
        "FULLY_CONNECTED",
        "SOFTMAX"
      ],
      "host_delegate_ops": 3
    },
    "host_tflite_latency": {
      "mean_ms": 0.016363999893656,
      "median_ms": 0.01630000042496249,
      "p95_ms": 0.0163999979122309,
      "runs": 50,
      "device_note": "Host TensorFlow Lite Interpreter latency only; M3 requires Arduino micros() latency."
    }
  }
}