{
  "mean": [
    -0.7206169366836548,
    -0.20815801620483398,
    0.2854166328907013,
    0.04531092941761017,
    -0.01195747870951891,
    0.038640689104795456
  ],
  "std": [
    0.5209150314331055,
    0.4492154121398926,
    0.3343750238418579,
    1.0212472677230835,
    0.5668944716453552,
    0.7008814215660095
  ]
}