class,precision,recall,f1-score,support
WALKING,0.9512195121951219,0.8666666666666667,0.9069767441860465,45.0
WALKING_UPSTAIRS,1.0,0.06666666666666667,0.125,30.0
WALKING_DOWNSTAIRS,0.46774193548387094,0.9666666666666667,0.6304347826086957,30.0
SITTING,0.0,0.0,0.0,45.0
STANDING,1.0,1.0,1.0,45.0
LAYING,0.5,1.0,0.6666666666666666,45.0
macro avg,0.6531602412798322,0.65,0.5548463655769015,240.0
weighted avg,0.6430714004720692,0.6666666666666666,0.5769874873609706,240.0
