class,precision,recall,f1-score,support
WALKING,0.8732142857142857,0.9858870967741935,0.9261363636363636,496.0
WALKING_UPSTAIRS,0.935064935064935,0.9171974522292994,0.9260450160771704,471.0
WALKING_DOWNSTAIRS,0.9017632241813602,0.8523809523809524,0.8763769889840881,420.0
SITTING,0.7945823927765236,0.7169042769857433,0.7537473233404711,491.0
STANDING,0.7884940778341794,0.8759398496240601,0.8299198575244879,532.0
LAYING,1.0,0.9199255121042831,0.9582929194956353,537.0
macro avg,0.8821864859285472,0.8780391900164218,0.8784197448430361,2947.0
weighted avg,0.8818762227848992,0.8791991856124872,0.8787987010660521,2947.0
