{
  "model_name": "m3_v2_1_mixed_gravity_10ch_uci_test",
  "accuracy": 0.8791991856124872,
  "macro_f1": 0.8784197448430361,
  "weighted_f1": 0.8787987010660521,
  "test_samples": 2947,
  "class_names": [
    "WALKING",
    "WALKING_UPSTAIRS",
    "WALKING_DOWNSTAIRS",
    "SITTING",
    "STANDING",
    "LAYING"
  ],
  "classification_report": {
    "WALKING": {
      "precision": 0.8732142857142857,
      "recall": 0.9858870967741935,
      "f1-score": 0.9261363636363636,
      "support": 496.0
    },
    "WALKING_UPSTAIRS": {
      "precision": 0.935064935064935,
      "recall": 0.9171974522292994,
      "f1-score": 0.9260450160771704,
      "support": 471.0
    },
    "WALKING_DOWNSTAIRS": {
      "precision": 0.9017632241813602,
      "recall": 0.8523809523809524,
      "f1-score": 0.8763769889840881,
      "support": 420.0
    },
    "SITTING": {
      "precision": 0.7945823927765236,
      "recall": 0.7169042769857433,
      "f1-score": 0.7537473233404711,
      "support": 491.0
    },
    "STANDING": {
      "precision": 0.7884940778341794,
      "recall": 0.8759398496240601,
      "f1-score": 0.8299198575244879,
      "support": 532.0
    },
    "LAYING": {
      "precision": 1.0,
      "recall": 0.9199255121042831,
      "f1-score": 0.9582929194956353,
      "support": 537.0
    },
    "accuracy": 0.8791991856124872,
    "macro avg": {
      "precision": 0.8821864859285472,
      "recall": 0.8780391900164218,
      "f1-score": 0.8784197448430361,
      "support": 2947.0
    },
    "weighted avg": {
      "precision": 0.8818762227848992,
      "recall": 0.8791991856124872,
      "f1-score": 0.8787987010660521,
      "support": 2947.0
    }
  },
  "confusion_matrix": [
    [
      489,
      2,
      5,
      0,
      0,
      0
    ],
    [
      5,
      432,
      34,
      0,
      0,
      0
    ],
    [
      48,
      13,
      358,
      1,
      0,
      0
    ],
    [
      0,
      14,
      0,
      352,
      125,
      0
    ],
    [
      2,
      1,
      0,
      63,
      466,
      0
    ],
    [
      16,
      0,
      0,
      27,
      0,
      494
    ]
  ],
  "top_confusion_pairs": [
    {
      "true": "SITTING",
      "predicted": "STANDING",
      "count": 125
    },
    {
      "true": "STANDING",
      "predicted": "SITTING",
      "count": 63
    },
    {
      "true": "WALKING_DOWNSTAIRS",
      "predicted": "WALKING",
      "count": 48
    },
    {
      "true": "WALKING_UPSTAIRS",
      "predicted": "WALKING_DOWNSTAIRS",
      "count": 34
    },
    {
      "true": "LAYING",
      "predicted": "SITTING",
      "count": 27
    }
  ]
}