class,precision,recall,f1-score,support
WALKING,1.0,1.0,1.0,45.0
WALKING_UPSTAIRS,0.0,0.0,0.0,30.0
WALKING_DOWNSTAIRS,0.5,1.0,0.6666666666666666,30.0
SITTING,0.0,0.0,0.0,45.0
STANDING,1.0,1.0,1.0,45.0
LAYING,0.5,1.0,0.6666666666666666,45.0
macro avg,0.5,0.6666666666666666,0.5555555555555555,240.0
weighted avg,0.53125,0.6875,0.5833333333333334,240.0
