{
  "model_name": "m3_v2_1_mixed_focal_6ch_uci_test",
  "accuracy": 0.8160841533763149,
  "macro_f1": 0.8123760218231489,
  "weighted_f1": 0.818184836689774,
  "test_samples": 2947,
  "class_names": [
    "WALKING",
    "WALKING_UPSTAIRS",
    "WALKING_DOWNSTAIRS",
    "SITTING",
    "STANDING",
    "LAYING"
  ],
  "classification_report": {
    "WALKING": {
      "precision": 0.6967071057192374,
      "recall": 0.8104838709677419,
      "f1-score": 0.7493010251630942,
      "support": 496.0
    },
    "WALKING_UPSTAIRS": {
      "precision": 0.9501187648456056,
      "recall": 0.8492569002123143,
      "f1-score": 0.8968609865470852,
      "support": 471.0
    },
    "WALKING_DOWNSTAIRS": {
      "precision": 0.6600985221674877,
      "recall": 0.638095238095238,
      "f1-score": 0.648910411622276,
      "support": 420.0
    },
    "SITTING": {
      "precision": 0.780439121756487,
      "recall": 0.7963340122199593,
      "f1-score": 0.7883064516129032,
      "support": 491.0
    },
    "STANDING": {
      "precision": 0.8287292817679558,
      "recall": 0.8458646616541353,
      "f1-score": 0.8372093023255814,
      "support": 532.0
    },
    "LAYING": {
      "precision": 0.9899799599198397,
      "recall": 0.9199255121042831,
      "f1-score": 0.9536679536679536,
      "support": 537.0
    },
    "accuracy": 0.8160841533763149,
    "macro avg": {
      "precision": 0.8176787926961021,
      "recall": 0.809993365875612,
      "f1-score": 0.8123760218231489,
      "support": 2947.0
    },
    "weighted avg": {
      "precision": 0.823214410298374,
      "recall": 0.8160841533763149,
      "f1-score": 0.818184836689774,
      "support": 2947.0
    }
  },
  "confusion_matrix": [
    [
      402,
      3,
      90,
      1,
      0,
      0
    ],
    [
      23,
      400,
      48,
      0,
      0,
      0
    ],
    [
      133,
      17,
      268,
      2,
      0,
      0
    ],
    [
      1,
      1,
      0,
      391,
      93,
      5
    ],
    [
      2,
      0,
      0,
      80,
      450,
      0
    ],
    [
      16,
      0,
      0,
      27,
      0,
      494
    ]
  ],
  "top_confusion_pairs": [
    {
      "true": "WALKING_DOWNSTAIRS",
      "predicted": "WALKING",
      "count": 133
    },
    {
      "true": "SITTING",
      "predicted": "STANDING",
      "count": 93
    },
    {
      "true": "WALKING",
      "predicted": "WALKING_DOWNSTAIRS",
      "count": 90
    },
    {
      "true": "STANDING",
      "predicted": "SITTING",
      "count": 80
    },
    {
      "true": "WALKING_UPSTAIRS",
      "predicted": "WALKING_DOWNSTAIRS",
      "count": 48
    }
  ]
}