class,precision,recall,f1-score,support
WALKING,0.6967071057192374,0.8104838709677419,0.7493010251630942,496.0
WALKING_UPSTAIRS,0.9501187648456056,0.8492569002123143,0.8968609865470852,471.0
WALKING_DOWNSTAIRS,0.6600985221674877,0.638095238095238,0.648910411622276,420.0
SITTING,0.780439121756487,0.7963340122199593,0.7883064516129032,491.0
STANDING,0.8287292817679558,0.8458646616541353,0.8372093023255814,532.0
LAYING,0.9899799599198397,0.9199255121042831,0.9536679536679536,537.0
macro avg,0.8176787926961021,0.809993365875612,0.8123760218231489,2947.0
weighted avg,0.823214410298374,0.8160841533763149,0.818184836689774,2947.0
