class,precision,recall,f1-score,support
WALKING,0.9969230769230769,0.9585798816568047,0.9773755656108597,338.0
WALKING_UPSTAIRS,0.9383561643835616,0.9927536231884058,0.9647887323943662,276.0
WALKING_DOWNSTAIRS,0.9718875502008032,1.0,0.9857433808553971,242.0
SITTING,0.8192090395480226,0.9897610921501706,0.8964451313755796,293.0
STANDING,0.993006993006993,0.8847352024922118,0.9357495881383855,321.0
LAYING,1.0,0.8912386706948641,0.9424920127795527,331.0
macro avg,0.9532304706770763,0.9528447450304096,0.9504324018590236,1801.0
weighted avg,0.9555394679962648,0.9489172681843421,0.9495743625762467,1801.0
