class,precision,recall,f1-score,support
WALKING,1.0,1.0,1.0,22.0
WALKING_UPSTAIRS,0.8333333333333334,1.0,0.9090909090909091,15.0
WALKING_DOWNSTAIRS,1.0,0.8,0.8888888888888888,15.0
SITTING,1.0,1.0,1.0,22.0
STANDING,1.0,1.0,1.0,22.0
LAYING,1.0,1.0,1.0,22.0
macro avg,0.9722222222222223,0.9666666666666667,0.9663299663299663,118.0
weighted avg,0.9788135593220338,0.9745762711864406,0.9743194658448896,118.0
