{
  "model_name": "session4_train_session1_eval_base_6ch_session1_right_pocket",
  "accuracy": 0.9745762711864406,
  "macro_f1": 0.9663299663299663,
  "weighted_f1": 0.9743194658448896,
  "test_samples": 118,
  "class_names": [
    "WALKING",
    "WALKING_UPSTAIRS",
    "WALKING_DOWNSTAIRS",
    "SITTING",
    "STANDING",
    "LAYING"
  ],
  "classification_report": {
    "WALKING": {
      "precision": 1.0,
      "recall": 1.0,
      "f1-score": 1.0,
      "support": 22.0
    },
    "WALKING_UPSTAIRS": {
      "precision": 0.8333333333333334,
      "recall": 1.0,
      "f1-score": 0.9090909090909091,
      "support": 15.0
    },
    "WALKING_DOWNSTAIRS": {
      "precision": 1.0,
      "recall": 0.8,
      "f1-score": 0.8888888888888888,
      "support": 15.0
    },
    "SITTING": {
      "precision": 1.0,
      "recall": 1.0,
      "f1-score": 1.0,
      "support": 22.0
    },
    "STANDING": {
      "precision": 1.0,
      "recall": 1.0,
      "f1-score": 1.0,
      "support": 22.0
    },
    "LAYING": {
      "precision": 1.0,
      "recall": 1.0,
      "f1-score": 1.0,
      "support": 22.0
    },
    "accuracy": 0.9745762711864406,
    "macro avg": {
      "precision": 0.9722222222222223,
      "recall": 0.9666666666666667,
      "f1-score": 0.9663299663299663,
      "support": 118.0
    },
    "weighted avg": {
      "precision": 0.9788135593220338,
      "recall": 0.9745762711864406,
      "f1-score": 0.9743194658448896,
      "support": 118.0
    }
  },
  "confusion_matrix": [
    [
      22,
      0,
      0,
      0,
      0,
      0
    ],
    [
      0,
      15,
      0,
      0,
      0,
      0
    ],
    [
      0,
      3,
      12,
      0,
      0,
      0
    ],
    [
      0,
      0,
      0,
      22,
      0,
      0
    ],
    [
      0,
      0,
      0,
      0,
      22,
      0
    ],
    [
      0,
      0,
      0,
      0,
      0,
      22
    ]
  ],
  "top_confusion_pairs": [
    {
      "true": "WALKING_DOWNSTAIRS",
      "predicted": "WALKING_UPSTAIRS",
      "count": 3
    }
  ]
}