class,precision,recall,f1-score,support
WALKING,1.0,0.7272727272727273,0.8421052631578947,22.0
WALKING_UPSTAIRS,1.0,1.0,1.0,15.0
WALKING_DOWNSTAIRS,0.6666666666666666,1.0,0.8,12.0
SITTING,0.0,0.0,0.0,22.0
STANDING,1.0,1.0,1.0,22.0
LAYING,0.5,1.0,0.6666666666666666,22.0
macro avg,0.6944444444444443,0.787878787878788,0.7181286549707603,115.0
weighted avg,0.6782608695652174,0.7565217391304347,0.6938520213577423,115.0
