{
  "model_name": "CNN-BiLSTM",
  "accuracy": 0.8700373260943333,
  "macro_f1": 0.8620422420327221,
  "weighted_f1": 0.8677050286032112,
  "test_samples": 2947,
  "class_names": [
    "WALKING",
    "WALKING_UPSTAIRS",
    "WALKING_DOWNSTAIRS",
    "SITTING",
    "STANDING",
    "LAYING"
  ],
  "classification_report": {
    "WALKING": {
      "precision": 0.8848484848484849,
      "recall": 0.8830645161290323,
      "f1-score": 0.8839556004036327,
      "support": 496.0
    },
    "WALKING_UPSTAIRS": {
      "precision": 0.7676419965576592,
      "recall": 0.9469214437367304,
      "f1-score": 0.8479087452471483,
      "support": 471.0
    },
    "WALKING_DOWNSTAIRS": {
      "precision": 0.8444444444444444,
      "recall": 0.6333333333333333,
      "f1-score": 0.7238095238095238,
      "support": 420.0
    },
    "SITTING": {
      "precision": 0.8604166666666667,
      "recall": 0.8411405295315683,
      "f1-score": 0.850669412976313,
      "support": 491.0
    },
    "STANDING": {
      "precision": 0.8689138576779026,
      "recall": 0.8721804511278195,
      "f1-score": 0.8705440900562852,
      "support": 532.0
    },
    "LAYING": {
      "precision": 0.9907749077490775,
      "recall": 1.0,
      "f1-score": 0.995366079703429,
      "support": 537.0
    },
    "accuracy": 0.8700373260943333,
    "macro avg": {
      "precision": 0.8695067263240394,
      "recall": 0.8627733789764139,
      "f1-score": 0.8620422420327221,
      "support": 2947.0
    },
    "weighted avg": {
      "precision": 0.8727125132709213,
      "recall": 0.8700373260943333,
      "f1-score": 0.8677050286032112,
      "support": 2947.0
    }
  },
  "confusion_matrix": [
    [
      438,
      18,
      25,
      0,
      15,
      0
    ],
    [
      1,
      446,
      24,
      0,
      0,
      0
    ],
    [
      56,
      96,
      266,
      0,
      2,
      0
    ],
    [
      0,
      20,
      0,
      413,
      53,
      5
    ],
    [
      0,
      1,
      0,
      67,
      464,
      0
    ],
    [
      0,
      0,
      0,
      0,
      0,
      537
    ]
  ],
  "model_info": {
    "best_epoch": 6,
    "best_val_loss": 0.2419063299894333,
    "paper_role": "level-0 learner",
    "keras_model_path": "C:\\Users\\tings\\tinyml-esp32-wokwi-starter\\outputs\\reproduction\\models\\cnn_bilstm.keras",
    "keras_model_parameters": 934274
  },
  "top_confusion_pairs": [
    {
      "true": "WALKING_DOWNSTAIRS",
      "predicted": "WALKING_UPSTAIRS",
      "count": 96
    },
    {
      "true": "STANDING",
      "predicted": "SITTING",
      "count": 67
    },
    {
      "true": "WALKING_DOWNSTAIRS",
      "predicted": "WALKING",
      "count": 56
    },
    {
      "true": "SITTING",
      "predicted": "STANDING",
      "count": 53
    },
    {
      "true": "WALKING",
      "predicted": "WALKING_DOWNSTAIRS",
      "count": 25
    }
  ]
}