{
  "model_name": "ConvLSTM",
  "accuracy": 0.8920936545639634,
  "macro_f1": 0.8898190524134892,
  "weighted_f1": 0.8912721810366256,
  "test_samples": 2947,
  "class_names": [
    "WALKING",
    "WALKING_UPSTAIRS",
    "WALKING_DOWNSTAIRS",
    "SITTING",
    "STANDING",
    "LAYING"
  ],
  "classification_report": {
    "WALKING": {
      "precision": 0.939203354297694,
      "recall": 0.9032258064516129,
      "f1-score": 0.920863309352518,
      "support": 496.0
    },
    "WALKING_UPSTAIRS": {
      "precision": 0.9006085192697769,
      "recall": 0.9426751592356688,
      "f1-score": 0.921161825726141,
      "support": 471.0
    },
    "WALKING_DOWNSTAIRS": {
      "precision": 0.8594847775175644,
      "recall": 0.8738095238095238,
      "f1-score": 0.8665879574970484,
      "support": 420.0
    },
    "SITTING": {
      "precision": 0.8457943925233645,
      "recall": 0.7372708757637475,
      "f1-score": 0.7878128400435256,
      "support": 491.0
    },
    "STANDING": {
      "precision": 0.8120689655172414,
      "recall": 0.8853383458646616,
      "f1-score": 0.8471223021582733,
      "support": 532.0
    },
    "LAYING": {
      "precision": 0.9907749077490775,
      "recall": 1.0,
      "f1-score": 0.995366079703429,
      "support": 537.0
    },
    "accuracy": 0.8920936545639634,
    "macro avg": {
      "precision": 0.8913224861457865,
      "recall": 0.8903866185208691,
      "f1-score": 0.8898190524134892,
      "support": 2947.0
    },
    "weighted avg": {
      "precision": 0.8925574973568026,
      "recall": 0.8920936545639634,
      "f1-score": 0.8912721810366256,
      "support": 2947.0
    }
  },
  "confusion_matrix": [
    [
      448,
      3,
      36,
      5,
      4,
      0
    ],
    [
      3,
      444,
      24,
      0,
      0,
      0
    ],
    [
      26,
      27,
      367,
      0,
      0,
      0
    ],
    [
      0,
      19,
      0,
      362,
      105,
      5
    ],
    [
      0,
      0,
      0,
      61,
      471,
      0
    ],
    [
      0,
      0,
      0,
      0,
      0,
      537
    ]
  ],
  "model_info": {
    "best_epoch": 9,
    "best_val_loss": 0.16746513545513153,
    "paper_role": "level-0 learner",
    "keras_model_path": "C:\\Users\\tings\\tinyml-esp32-wokwi-starter\\outputs\\reproduction\\models\\convlstm.keras",
    "keras_model_parameters": 259522
  },
  "top_confusion_pairs": [
    {
      "true": "SITTING",
      "predicted": "STANDING",
      "count": 105
    },
    {
      "true": "STANDING",
      "predicted": "SITTING",
      "count": 61
    },
    {
      "true": "WALKING",
      "predicted": "WALKING_DOWNSTAIRS",
      "count": 36
    },
    {
      "true": "WALKING_DOWNSTAIRS",
      "predicted": "WALKING_UPSTAIRS",
      "count": 27
    },
    {
      "true": "WALKING_DOWNSTAIRS",
      "predicted": "WALKING",
      "count": 26
    }
  ]
}