{
  "model_name": "XGBoost Stacking Meta-Learner",
  "accuracy": 0.9134713267729895,
  "macro_f1": 0.9128013094562495,
  "weighted_f1": 0.9136514160531203,
  "test_samples": 2947,
  "class_names": [
    "WALKING",
    "WALKING_UPSTAIRS",
    "WALKING_DOWNSTAIRS",
    "SITTING",
    "STANDING",
    "LAYING"
  ],
  "classification_report": {
    "WALKING": {
      "precision": 0.9636752136752137,
      "recall": 0.9092741935483871,
      "f1-score": 0.9356846473029046,
      "support": 496.0
    },
    "WALKING_UPSTAIRS": {
      "precision": 0.9446808510638298,
      "recall": 0.9426751592356688,
      "f1-score": 0.9436769394261424,
      "support": 471.0
    },
    "WALKING_DOWNSTAIRS": {
      "precision": 0.8459915611814346,
      "recall": 0.9547619047619048,
      "f1-score": 0.8970917225950783,
      "support": 420.0
    },
    "SITTING": {
      "precision": 0.8090737240075614,
      "recall": 0.8716904276985743,
      "f1-score": 0.8392156862745098,
      "support": 491.0
    },
    "STANDING": {
      "precision": 0.9189765458422174,
      "recall": 0.8101503759398496,
      "f1-score": 0.8611388611388612,
      "support": 532.0
    },
    "LAYING": {
      "precision": 1.0,
      "recall": 1.0,
      "f1-score": 1.0,
      "support": 537.0
    },
    "accuracy": 0.9134713267729895,
    "macro avg": {
      "precision": 0.9137329826283761,
      "recall": 0.9147586768640642,
      "f1-score": 0.9128013094562495,
      "support": 2947.0
    },
    "weighted avg": {
      "precision": 0.9166592342741585,
      "recall": 0.9134713267729895,
      "f1-score": 0.9136514160531203,
      "support": 2947.0
    }
  },
  "confusion_matrix": [
    [
      451,
      2,
      43,
      0,
      0,
      0
    ],
    [
      0,
      444,
      27,
      0,
      0,
      0
    ],
    [
      17,
      2,
      401,
      0,
      0,
      0
    ],
    [
      0,
      22,
      3,
      428,
      38,
      0
    ],
    [
      0,
      0,
      0,
      101,
      431,
      0
    ],
    [
      0,
      0,
      0,
      0,
      0,
      537
    ]
  ],
  "model_info": {
    "baseline_role": "Paper Reproduction Baseline",
    "baseline_description": "Offline reference baseline; not intended for direct Arduino deployment.",
    "framework": "TensorFlow/Keras implementation of paper-specified model families",
    "paper_framework": "TensorFlow 2.9 reported by paper",
    "input_shape": [
      128,
      6
    ],
    "output_classes": [
      "WALKING",
      "WALKING_UPSTAIRS",
      "WALKING_DOWNSTAIRS",
      "SITTING",
      "STANDING",
      "LAYING"
    ],
    "models": [
      "ConvLSTM",
      "CNN-GRU",
      "CNN-BiGRU",
      "CNN-BiLSTM",
      "CNN-LSTM"
    ],
    "optimizer": "Adam",
    "learning_rate": 0.001,
    "learning_rate_decay": 0.01,
    "batch_size": 50,
    "epochs_requested": 20,
    "early_stopping": {
      "monitor": "val_loss",
      "patience": 5
    },
    "loss": "cross_entropy",
    "normalization": "standard",
    "subsequences": 4,
    "xgboost_meta_learner": "GridSearchCV with 5-fold CV on validation-stack predictions",
    "device": "cpu",
    "xgboost": {
      "best_params": {
        "gamma": 0.0,
        "learning_rate": 0.1,
        "max_depth": 2,
        "n_estimators": 100
      },
      "best_cv_macro_f1": 0.9983646737703566,
      "cv_results_csv": "C:\\Users\\tings\\tinyml-esp32-wokwi-starter\\outputs\\reproduction\\logs\\xgboost_grid_search_results.csv"
    },
    "base_model_results": [
      {
        "model_name": "ConvLSTM",
        "accuracy": 0.8920936545639634,
        "macro_f1": 0.8898190524134892,
        "weighted_f1": 0.8912721810366256
      },
      {
        "model_name": "CNN-GRU",
        "accuracy": 0.8958262639972854,
        "macro_f1": 0.8937184338387266,
        "weighted_f1": 0.8956050950690336
      },
      {
        "model_name": "CNN-BiGRU",
        "accuracy": 0.8764845605700713,
        "macro_f1": 0.8740358125466215,
        "weighted_f1": 0.8769322465783563
      },
      {
        "model_name": "CNN-BiLSTM",
        "accuracy": 0.8700373260943333,
        "macro_f1": 0.8620422420327221,
        "weighted_f1": 0.8677050286032112
      },
      {
        "model_name": "CNN-LSTM",
        "accuracy": 0.8897183576518494,
        "macro_f1": 0.8869237815162521,
        "weighted_f1": 0.8888614534254138
      }
    ]
  },
  "top_confusion_pairs": [
    {
      "true": "STANDING",
      "predicted": "SITTING",
      "count": 101
    },
    {
      "true": "WALKING",
      "predicted": "WALKING_DOWNSTAIRS",
      "count": 43
    },
    {
      "true": "SITTING",
      "predicted": "STANDING",
      "count": 38
    },
    {
      "true": "WALKING_UPSTAIRS",
      "predicted": "WALKING_DOWNSTAIRS",
      "count": 27
    },
    {
      "true": "SITTING",
      "predicted": "WALKING_UPSTAIRS",
      "count": 22
    }
  ]
}